370.115,5.955,1.187,1.195376178,0.705659478,1.185520864,0.124611289,1.187230712,0.019436563
337.5,5.1,1.25,1.254125428,0.33003424,1.216584817,2.67321464,1.250210929,0.016874311
308.442,1.5,0.96,0.961841266,0.191798542,0.937891629,2.302955313,0.95941969,-0.060448975
397,13.1,1.56,1.544749613,0.97758891,1.526894877,2.122123269,1.559216759,-0.050207765
343.234,5,1.219,1.214278545,0.387321985,1.184856879,2.800912305,1.216713799,-0.187547276
301.974,8.826,3.847,3.699267526,3.84019948,4.403344302,14.46177026,3.841865882,-0.133457696
318.128,11.768,4.19,4.212441034,0.535585537,4.32809111,3.295730549,4.198555959,0.204199492
314.129,11.768,3.63,3.655801384,0.710781928,3.960653926,9.108923581,3.638197006,0.225812838
302.579,7.384,7.536,7.925748427,5.171820953,10.44277315,38.57183055,7.635467139,1.319893036
367.2,15.8,2.38,2.366887206,0.550957731,2.193778517,7.824432059,2.379590578,-0.017202605
321.138,9.856,6.9,6.712434866,2.718335275,5.468216,20.75049275,6.81952046,-1.16637015
397,8.6,1.31,1.267793024,3.221906565,1.26894105,3.134270992,1.308630355,-0.104553075
291.472,7.584,3.056,2.943980808,3.665549476,3.454011071,13.02392248,3.057079991,0.035340021
355.413,5,1.179,1.16998842,0.764340967,1.152126016,2.279387956,1.178707115,-0.024841798
312.76,4.786,1.391,1.419867633,2.075315097,1.326009781,4.672194033,1.392121887,0.080653236
310.44,8.826,11.19,10.2329872,8.552393208,9.538143644,14.76189773,11.11303727,-0.687781314
330.135,11.768,4.9,4.857101834,0.875472776,4.078363172,16.76809853,4.897257885,-0.055961541
285.087,3.931,1.686,1.693157183,0.424506702,1.427171278,15.35164425,1.690762314,0.282462256
293.935,2.884,1.157,1.176002692,1.642410717,1.0888871,5.887026793,1.158636984,0.141485205
346.554,4,1.109,1.115170128,0.55636862,1.094516659,1.305982056,1.108905336,-0.008536015
367.2,11,1.74,1.723579651,0.943698218,1.681665785,3.352541092,1.739776888,-0.012822526
485.818,15,1.246,1.263206931,1.380973596,1.280823481,2.79482191,1.245625308,-0.030071615
312.33,8.826,13.44,14.37124246,6.928887351,10.58215459,21.26373073,13.4667174,0.198790174
325.536,4.5,1.268,1.247423121,1.622782256,1.196287907,5.655527839,1.267181658,-0.064538004
450.394,11,1.218,1.229253863,0.923962479,1.243592705,2.101207307,1.217924619,-0.006188949
323.637,6,1.563,1.557583824,0.346524376,1.475558128,5.594489571,1.558314541,-0.29977343
271.311,2.506,1.27,1.275187143,0.408436457,1.104579363,13.02524701,1.2722508,0.177228378
417.577,4.93,1.059,1.083814745,2.343224268,1.089314347,2.86254457,1.061562391,0.24196325
413.362,18.5,1.688,1.674794813,0.782297808,1.635384285,3.117044727,1.688105107,0.006226702
355.053,1.5,0.948,0.961345362,1.407738608,0.95566719,0.808775316,0.947918348,-0.008613043
316.139,11.768,3.89,3.918912581,0.74325401,4.149242429,6.664329794,3.896361304,0.163529656
316.019,6.377,1.992,1.90722603,4.255721386,1.770454415,11.12176632,1.989328317,-0.134120633
344.934,11,2.367,2.488859666,5.148274863,2.33392852,1.397189692,2.371619098,0.195145663
407,18.7,1.78,1.749906181,1.690663989,1.696659773,4.682035225,1.779565574,-0.024405931
357.3,7.3,1.38,1.375835619,0.301766739,1.351781694,2.044804783,1.380148387,0.010752697
363.127,1.2,0.949,0.951652836,0.279540148,0.948346232,0.0688902,0.949063289,0.006669057
387.1,5.1,1.13,1.113636097,1.448133009,1.11216198,1.578585841,1.129611829,-0.034351405
290.356,4.993,2.503,2.512550158,0.381548462,2.015175532,19.48959121,2.503405538,0.016202087
258.573,1.102,0.966,0.967284493,0.13297029,0.898501131,6.987460559,0.966822978,0.085194421
393.12,1,0.965,0.961332893,0.380011088,0.961142381,0.399753264,0.961639714,-0.348216151
325.796,14.791,3.266,3.224752615,1.262932792,3.296643295,0.938251531,3.266239568,0.007335202
320.567,14.791,3.028,2.990140046,1.250328732,3.163152371,4.463420443,3.028250697,0.008279297
304.134,7.757,7.704,7.766255771,0.808096716,9.649852654,25.25769281,7.684565338,-0.252267166
308.501,5.859,1.952,1.956059081,0.207944723,1.775758049,9.028788473,1.952011196,0.000573567
243.156,1.2,1.049,1.05053347,0.146183985,0.91905366,12.38763966,1.046213425,-0.265641128
353.793,19.698,2.648,2.634532809,0.508579721,2.52003693,4.832442221,2.647494802,-0.019078464
407,11,1.39,1.354044834,2.58670259,1.355217153,2.502363094,1.389421123,-0.041645798
377.2,10.1,1.51,1.490913371,1.264015166,1.473746314,2.400906358,1.509909437,-0.005997524
323.137,11.768,4.98,4.988895761,0.178629739,4.588164772,7.868177269,4.992737146,0.25576598
320.917,9.856,6.435,6.8650454,6.682912199,5.564285615,13.53091507,6.550300407,1.791770116
307.511,14.791,2.573,2.539517596,1.301298251,2.755136138,7.078746133,2.57314144,0.005497083
320.127,9.856,7.59,7.418791024,2.255717734,5.911085151,22.12009024,7.303276318,-3.777650615
342.022,2.078,0.981,0.990678859,0.986631906,0.978237824,0.28156738,0.981057206,0.005831415
294.304,7.584,3.391,3.212400129,5.266879121,3.844994661,13.38822356,3.389049528,-0.057519083
307.731,8.826,6.301,6.002563823,4.736330376,6.812664492,8.120369656,6.262969174,-0.603568107
310.81,19.698,2.26,2.243432255,0.733086062,2.369195796,4.831672389,2.25908939,-0.040292485
319.128,9.856,7.605,8.045790181,5.796057607,6.329802879,16.76787799,7.975136421,4.867014088
326.526,9.856,4.03,4.172691659,3.540735955,3.702510785,8.126283251,4.035880805,0.145925679
419.863,11.5,1.306,1.323687303,1.354311103,1.329505175,1.799783691,1.306631965,0.04838938
397.208,13.5,1.555,1.569538545,0.934954662,1.54851294,0.417174277,1.555377528,0.02427832
333.134,10,3.076,3.034904954,1.335989792,2.798481469,9.022058875,3.076619936,0.020153966
319.128,8.824,4.76,4.729023593,0.650764853,4.24267778,10.86811387,4.736564258,-0.492347517
308.131,8.824,6.32,6.382582284,0.990226013,7.135707372,12.90676222,6.376998434,0.901873959
333.134,20,2.49,2.501651706,0.46794,2.578326939,3.547266627,2.491216118,0.04884008
316.462,7.384,2.596,2.627072901,1.196953043,2.42874087,6.442955701,2.595119701,-0.033909807
382.626,14.791,1.867,1.869128305,0.113995983,1.79926279,3.628131227,1.867317881,0.017026324
313.14,8.824,13.6,13.43351935,1.224122426,9.834216746,27.68958275,13.49220231,-0.792630052
291.472,7.24,3.098,3.032955798,2.099554616,3.598192923,16.14567214,3.100787739,0.089985125
491.47,5,1.075,1.082255969,0.67497386,1.092709377,1.647383907,1.074453262,-0.050859363
270.191,3.01,1.558,1.559428293,0.091674775,1.261167369,19.0521586,1.554253933,-0.240440764
438.43,16.5,1.411,1.430476274,1.38031708,1.429975782,1.34484635,1.410887166,-0.007996759
291.472,8.274,2.973,2.800210755,5.811949041,3.225213243,8.483459233,2.970474643,-0.084943065
361.633,15,2.581,2.496827709,3.261227857,2.29832649,10.9520926,2.578887627,-0.08184321
302.579,7.584,6.49,6.297774522,2.961871772,8.078298039,24.47300522,6.530097303,0.617832102
309.651,8.826,9.102,8.469275766,6.951485761,8.62025337,5.292755768,9.087290764,-0.161604436
391.317,7.5,1.225,1.226320522,0.107797714,1.225932648,0.076134531,1.225248328,0.020271705
293.378,4,1.49,1.497827854,0.525359329,1.329890708,10.74559007,1.488818623,-0.079287025
387.456,17.5,1.913,1.977281119,3.360225771,1.881083229,1.668414584,1.913561491,0.029351328
331.125,11.768,4.74,4.695597251,0.936766857,3.951410835,16.63690222,4.714801888,-0.531605746
316.019,6.377,1.992,1.90722603,4.255721386,1.770454415,11.12176632,1.989328317,-0.134120633
407,8.6,1.28,1.237167069,3.346322734,1.242119226,2.959435469,1.278840271,-0.090603843
313.04,3.862,1.215,1.230041852,1.23801251,1.163322702,4.253275556,1.215519978,0.042796544
311.73,9.856,5.524,5.346311755,3.216659033,5.703559721,3.250538034,5.521320441,-0.048507594
293.198,2.5,1.119,1.109918159,0.811603307,1.038079893,7.23146622,1.118442875,-0.049787789
325.076,11.768,5.203,5.164351105,0.742819431,4.5500067,12.55032289,5.200916864,-0.040037205
452.715,20,1.457,1.460571629,0.245135827,1.457339977,0.023334043,1.45595005,-0.072062439
334.024,4.5,1.211,1.202074838,0.737007597,1.164818583,3.813494385,1.21058679,-0.034121358
416.9,7.3,1.18,1.164472796,1.315864746,1.171988415,0.678947881,1.179478872,-0.044163358
349.573,14.791,3.079,3.085559254,0.213031958,2.760101625,10.35720607,3.078268511,-0.023757349
406.571,16.5,1.649,1.652736869,0.226614251,1.618076663,1.875278169,1.64938859,0.02356522
323.137,1.5,0.956,0.957782583,0.186462657,0.942006252,1.463781172,0.955374726,-0.06540526
297.095,5.987,3.9,3.848543127,1.319407,3.072734953,21.21192428,3.882568041,-0.446973313
329.835,9.856,3.377,3.40964532,0.966695884,3.105966018,8.025880426,3.379254344,0.066755809
313.44,5,1.478,1.465125192,0.871096617,1.367109073,7.50276908,1.477066493,-0.063160144
316.129,8.824,7.32,7.063565494,3.503203634,6.057499076,17.24728038,7.192568161,-1.74087212
326.086,11.768,5.191,5.191640134,0.012331612,4.493606416,13.43466739,5.20022404,0.177692932
389.267,11.768,1.518,1.519916535,0.126253953,1.503801833,0.935320619,1.51820001,0.01317588
359.193,19.698,2.585,2.580625135,0.169240426,2.438256761,5.676721044,2.587198682,0.08505538
354.953,3.5,1.044,1.067057919,2.208612931,1.054018398,0.959616667,1.044463089,0.044357173
313.569,9.856,6.606,6.359225481,3.735611853,6.312111133,4.448817242,6.587129465,-0.285657501
333.134,11,3.92,3.861649311,1.488537985,3.390953364,13.49608765,3.920684755,0.017468245
358.343,10,1.744,1.738343361,0.324348567,1.692826118,2.934282225,1.743906268,-0.005374531
293.855,3.887,1.43,1.445015023,1.050001608,1.291927778,9.65540014,1.427543769,-0.171764416
332.975,14.791,3.525,3.50417223,0.590858723,3.344626492,5.11697895,3.522031419,-0.084215063
313.129,11.768,3.52,3.539341293,0.549468551,3.868263138,9.893839148,3.520063517,0.00180446
325.136,11.768,5.2,5.167282194,0.629188577,4.54733681,12.55121519,5.200830267,0.015966675
313.11,10.916,3.589,4.145957416,15.51845684,4.487753373,25.04188835,3.600729317,0.326812959
303.143,1,0.916,0.921038735,0.55008024,0.903363536,1.379526638,0.915544881,-0.049685448
327.5,13.1,4.08,4.124525364,1.091307941,3.884335265,4.795704289,4.082297111,0.056301731
308.142,8.824,6.32,6.393641163,1.165208275,7.144808775,13.05077176,6.391567807,1.132402004
261.563,2.378,1.396,1.370257636,1.844008883,1.124142535,19.47403044,1.391860003,-0.296561371
426.185,3.5,1.035,1.041970354,0.673464155,1.046674233,1.127945217,1.034978061,-0.002119742
377.2,11,1.59,1.578326333,0.734192893,1.553873716,2.272093333,1.589725324,-0.017275203
416.9,11,1.4,1.313159192,6.202914857,1.318810502,5.799249857,1.397886611,-0.150956373
418.263,5,1.076,1.085706121,0.902055855,1.091389956,1.430293309,1.075865105,-0.012536748
332.914,14.7,3.528,3.536494667,0.240778543,3.365583168,4.603651701,3.529622428,0.045987183
335.902,6.998,1.537,1.577794613,2.654171308,1.519147519,1.161514704,1.537687905,0.044756329
337.5,8.6,2.03,1.976433385,2.638749507,1.894709427,6.664560246,2.026910948,-0.15217004
342.482,4.009,1.112,1.125456253,1.210094694,1.101346712,0.958029496,1.11213364,0.012017947
312.95,3.075,1.112,1.117257994,0.472841187,1.068070549,3.950490198,1.112195506,0.017581438
305.411,7.929,9.044,9.214915173,1.889818366,10.84201852,19.88078859,8.940953076,-1.139395443
315.129,11.768,3.75,3.782012613,0.85366968,4.054460081,8.118935493,3.754701959,0.125385573
324.137,11.768,5.11,5.097908366,0.236626888,4.580169031,10.36851211,5.127159203,0.335796529
318.128,9.856,8.56,8.428704406,1.533827033,6.670554409,22.07296251,8.476554509,-0.974830505
423.484,14.5,1.409,1.432898555,1.696135912,1.430688004,1.539247977,1.409158504,0.011249427
328.676,19.698,2.49,2.470357007,0.788875221,2.574743678,3.403360562,2.489404285,-0.02392428
407.531,12.5,1.41,1.430173515,1.430745745,1.425976362,1.133075319,1.410395976,0.028083398
261.563,2.379,1.392,1.370829274,1.520885489,1.124430014,19.22198175,1.392009829,0.000706122
322.016,7.757,2.428,2.420014137,0.328907043,2.266438618,6.654093163,2.428911291,0.037532579
325.216,10,4.175,4.858029823,16.35999576,4.194305836,0.462415234,4.193062891,0.432644104
308.072,2.035,0.996,1.011812265,1.587576807,0.977385578,1.868917871,0.996824833,0.082814551
316.462,7.584,2.931,2.867123753,2.17933289,2.647098853,9.686153088,2.937200163,0.211537456
332.324,6,1.44,1.429930207,0.699291181,1.374032936,4.581046111,1.437906423,-0.145387295
363.127,1,0.941,0.943772336,0.29461594,0.941006432,0.000683528,0.941723724,0.07691006
316.129,11.768,3.89,3.917513358,0.707284267,4.148309551,6.640348355,3.894185494,0.107596243
315.139,9.856,7.28,7.468383021,2.58767886,6.748606814,7.299356951,7.340240763,0.827483011
424.364,20,1.67,1.629968268,2.397109701,1.598428449,4.285721617,1.668955808,-0.062526494
359.673,14.791,2.552,2.557457044,0.213834013,2.346485938,8.053058856,2.554056991,0.08060309
332.124,7,1.584,1.650793469,4.216759407,1.581061275,0.185525568,1.585160071,0.073236776
298.184,3.886,1.366,1.37690865,0.798583455,1.252851441,8.283203441,1.363506754,-0.182521653
316.858,9.856,8.423,8.436136845,0.155963968,6.893043767,18.16402983,8.420716356,-0.027112007
393.12,2,0.995,0.991908361,0.310717487,0.991685829,0.333082513,0.994843804,-0.015698103
286.491,8.826,2.537,2.510682124,1.037362081,2.792144938,10.05695459,2.53778348,0.030882155
337.5,18.7,2.69,2.708306233,0.680529108,2.721633771,1.175976617,2.690810049,0.030113347
439.46,7.5,1.142,1.145879929,0.339748599,1.157286797,1.338598687,1.141882244,-0.010311386
317.128,9.856,8.48,8.491466236,0.135215047,6.869443732,18.99240882,8.46262433,-0.204901764
418.133,2.861,1.013,1.023779222,1.064089042,1.026882183,1.37040306,1.013075445,0.007447717
477.275,10,1.169,1.175099069,0.521733875,1.191903398,1.95922994,1.168500716,-0.042710374
461.468,3,1.033,1.039700816,0.648675315,1.045590798,1.218857502,1.032819552,-0.017468369
420.355,6.998,1.125,1.149376551,2.166804533,1.157392813,2.879361156,1.125839811,0.074649848
331.805,14.791,3.492,3.469072302,0.656577835,3.351436486,4.025301088,3.491957439,-0.001218807
329.965,14.791,3.435,3.402404474,0.94892361,3.349789702,2.480649141,3.434688655,-0.009063904
393.12,15,1.73,1.719993466,0.57841237,1.675414663,3.155221792,1.729757747,-0.014003041
425.175,10,1.237,1.248343069,0.916982134,1.257871552,1.687271787,1.237073202,0.005917708
314.099,9.856,6.965,6.712189622,3.629725456,6.477604255,6.997785284,6.774005496,-2.742203929
317.128,11.768,4.04,4.061275,0.526608911,4.240257133,4.956859728,4.047714286,0.190947662
312.67,8.826,12.68,14.18684182,11.88361057,10.35089167,18.36836222,12.84656972,1.313641307
293.745,2.982,1.185,1.197168619,1.026887679,1.104520539,6.791515696,1.184626106,-0.031552247
413.362,18.5,1.688,1.674794813,0.782297808,1.635384285,3.117044727,1.688105107,0.006226702
340.974,14.791,3.487,3.496353151,0.268229165,3.142658017,9.875021021,3.486629044,-0.010638264
408.141,7,1.161,1.166084726,0.437960896,1.171378429,0.893921533,1.161166575,0.014347536
313.44,6.001,1.81,1.823197795,0.729159945,1.683692169,6.978333204,1.813067803,0.169491858
299.802,7.24,5.275,4.97144986,5.754505024,6.461552211,22.49388078,5.293409829,0.3490015
340.504,11.768,3.164,3.21754586,1.692347029,2.887855514,8.727701833,3.164868437,0.027447443
304.582,8.826,4.539,4.330300351,4.597921326,5.157462256,13.62551787,4.540382943,0.030468015
291.389,19.698,2.089,2.070668936,0.87750426,2.13643784,2.270839636,2.088196964,-0.038441158
406.571,5.5,1.101,1.109999443,0.817388102,1.114011445,1.181784287,1.101413963,0.037598782
320.127,11.768,4.52,4.53073929,0.237594912,4.478757324,0.912448584,4.555587671,0.787337847
435.569,1.5,0.995,0.998189464,0.320549146,1.000468474,0.549595377,0.99470269,-0.029880439
331.215,11.768,4.542,4.680096438,3.040432365,3.939713281,13.26038571,4.606215974,1.41382594
312.14,5,1.509,1.486210412,1.5102444,1.382042186,8.413374023,1.505860538,-0.208049173
327.706,11.768,5.057,5.137064535,1.583241744,4.357171128,13.83881495,5.066043663,0.178834545
342.892,4.872,1.191,1.202883387,0.997765491,1.173855289,1.439522334,1.190994156,-0.000490652
310.93,8.826,12.6,11.66857756,7.392241587,10.07341132,20.05229111,12.52098622,-0.627093461
308.282,2.092,1.007,1.017281584,1.021011321,0.981922898,2.490278252,1.006240931,-0.075379244
435.569,1.5,0.995,0.998189464,0.320549146,1.000468474,0.549595377,0.99470269,-0.029880439
443.697,2.861,1.019,1.030829422,1.160885378,1.035739907,1.64277792,1.018982378,-0.00172939
287.441,14.791,2.203,2.183480189,0.886055878,2.294370587,4.147552746,2.202913662,-0.003919094
316.462,7.929,3.726,3.421075918,8.183684434,3.145979521,15.56684055,3.736964181,0.294261441
326.746,11.768,5.149,5.183869912,0.677217168,4.444293859,13.68627192,5.15172206,0.052865795
342.244,14.791,3.441,3.453807242,0.37219535,3.091281771,10.16327315,3.440602957,-0.011538604
314.129,8.824,11.1,10.74928446,3.159599459,8.4230526,24.11664324,11.0344111,-0.59089103
308.321,9.856,4.289,4.168638275,2.806288762,4.747589238,10.69221819,4.29700618,0.186667746
284.692,11.768,2.295,2.272929739,0.961667146,2.425948314,5.705808889,2.294831079,-0.00736038
397.208,13.5,1.555,1.569538545,0.934954662,1.54851294,0.417174277,1.555377528,0.02427832
323.447,1.079,0.922,0.93030196,0.900429501,0.919272542,0.29581974,0.922823129,0.0892765
319.128,9.856,8.22,8.045790181,2.119340864,6.329802879,22.9950988,7.975136421,-2.978875652
327.136,11.768,5.22,5.169839252,0.96093387,4.410954618,15.49895368,5.193576951,-0.506188679
357.3,18.7,2.64,2.675387215,1.340424811,2.502262418,5.217332652,2.64027727,0.010502657
347.4,8.6,1.72,1.699646189,1.183361105,1.649781525,4.082469477,1.718511571,-0.086536576
402.019,19.698,1.851,1.849507895,0.080610751,1.777187303,3.987719989,1.849980864,-0.055058697
300.654,19.698,2.159,2.142321914,0.772491246,2.242327698,3.859550625,2.158158048,-0.038997302
294.304,7.757,3.308,3.151086498,4.74345532,3.747148499,13.27534761,3.309656508,0.050075815
317.728,9.856,8.321,8.501523007,2.169486925,6.770116579,18.63818557,8.326612485,0.067449651
313.44,5,1.478,1.465125192,0.871096617,1.367109073,7.50276908,1.477066493,-0.063160144
363.126,12.5,2.065,2.053524887,0.555695545,1.960657776,5.052892203,2.06489753,-0.004962249
323.637,11.768,5.12,5.047826759,1.409633613,4.58725003,10.40527285,5.117539641,-0.048053896
342.874,16.5,3.125,3.125102606,0.003283392,2.926896259,6.339319712,3.124481418,-0.01659463
359.233,6,1.246,1.2377764,0.66,1.219996137,2.0869874,1.245943527,-0.004532369
332.504,5.817,1.38,1.395642605,1.133522101,1.34227197,2.733915217,1.381515592,0.109825532
397,10.1,1.37,1.352976876,1.242563796,1.351285386,1.366030219,1.368097692,-0.138854605
357.113,12.5,2.286,2.272124766,0.606965617,2.140400975,6.369161199,2.286154697,0.006767129
370.205,2.106,0.988,0.990540564,0.257142105,0.986496687,0.152157186,0.988033322,0.003372677
313.41,5.986,1.808,1.817145382,0.50582865,1.678165285,7.181123617,1.807298196,-0.03881662
292.838,8.826,2.826,2.780425801,1.612675124,3.183708625,12.65777159,2.827747564,0.061838774
298.564,1.986,1.01,1.021558618,1.144417624,0.977186289,3.248882277,1.009862907,-0.013573519
304.8,7.929,7.704,7.545847148,2.052866719,9.161451038,18.91810797,7.730921591,0.349449523
323.677,14.791,3.17,3.129109605,1.289917823,3.249066571,2.494213596,3.17021488,0.006778534
271.321,2.987,1.506,1.510576362,0.303875299,1.240474261,17.63119117,1.506000585,3.89E-05
370.205,4.111,1.075,1.084510875,0.884732558,1.077283903,0.212456093,1.075064353,0.005986293
309.141,8.824,7.45,7.631129848,2.431273128,8.078691248,8.438808698,7.571442076,1.630094977
383.466,3,1.014,1.026267767,1.209838955,1.024219932,1.00788284,1.014042126,0.004154432
422.394,6.5,1.124,1.130683819,0.594645819,1.138637758,1.302291637,1.123843305,-0.013940818
327.126,11.768,5.22,5.17028534,0.952388123,4.411846052,15.4818764,5.19075811,-0.560189468
327.5,11,5.1,5.260963025,3.156137745,4.365223447,14.40738339,5.094073012,-0.116215449
316.289,2.5,1.033,1.045143501,1.175556728,1.010910305,2.138402227,1.032913515,-0.008372195
406.571,16.5,1.649,1.652736869,0.226614251,1.618076663,1.875278169,1.64938859,0.02356522
418.263,5,1.076,1.085706121,0.902055855,1.091389956,1.430293309,1.075865105,-0.012536748
382.166,19.698,2.168,2.167481055,0.023936577,2.037589859,6.015227906,2.166753945,-0.05747486
332.914,14.7,3.528,3.536494667,0.240778543,3.365583168,4.603651701,3.529622428,0.045987183
283.003,9.856,2.36,2.344081644,0.67450661,2.535041919,7.417030466,2.358977384,-0.043331175
319.138,9.856,8.22,8.040508548,2.183594307,6.32588803,23.0427247,7.996308554,-2.721307128
306.966,8.274,9.002,8.879393946,1.361986825,9.840617002,9.31589649,8.924512651,-0.860779263
336.064,9.856,2.61,2.625844419,0.607065862,2.461908429,5.674006552,2.612613614,0.100138468
339.054,14.791,3.542,3.540938936,0.029956635,3.212594863,9.299975635,3.541159907,-0.023718031
313.31,1.924,0.979,0.995442571,1.679527171,0.967817565,1.142230337,0.978821316,-0.018251723
293.325,5.015,2.183,2.215351117,1.481956803,1.854535685,15.04646427,2.181848484,-0.052749221
331.974,3,1.043,1.063345936,1.950712943,1.037829046,0.495776989,1.043191874,0.018396375
357.3,13.1,2.42,2.38958734,1.256721488,2.228877612,7.897619339,2.419588932,-0.016986271
297.135,5.988,3.901,3.83495349,1.693066137,3.06508965,21.42810433,3.882764981,-0.467444743
364.744,11.768,1.868,1.888095993,1.075802623,1.823808442,2.365715096,1.868847966,0.045394336
316.219,9.856,8.278,8.181215286,1.169179923,6.895972867,16.6951816,8.203750837,-0.89694567
350.613,8.826,1.666,1.68023678,0.854548619,1.634643538,1.882140576,1.667072025,0.064347261
322.607,11.768,4.998,4.918327902,1.594079592,4.582600663,8.311311265,4.987976133,-0.20055756
293.285,2.985,1.186,1.201040826,1.268197808,1.106588839,6.695713406,1.18554995,-0.037946866
273.15,1,0.928,0.929601947,0.172623599,0.890021344,4.092527586,0.927667858,-0.035791116
324.456,11.768,5.186,5.124706078,1.181911338,4.572388381,11.83207904,5.179053576,-0.133945709
293.605,4.81,1.997,1.978124297,0.945202954,1.68657533,15.54455033,1.994360293,-0.132183603
316.462,8.274,4.647,4.257382476,8.384280697,3.8777261,16.55420486,4.680441413,0.719634461
293.475,1.091,0.927,0.929922491,0.315263323,0.904745405,2.400711435,0.92646794,-0.057395941
324.856,1.5,0.951,0.957611239,0.695188118,0.942601961,0.883074553,0.951050695,0.005330665
407,10.1,1.33,1.308529354,1.614334286,1.31179701,1.368645865,1.329993139,-0.00051584
387.1,10.1,1.42,1.411330134,0.610553944,1.403096814,1.190365211,1.419945098,-0.003866365
293.875,2.915,1.171,1.182560947,0.987271307,1.093732721,6.598401281,1.169611594,-0.118565816
387.1,7.3,1.24,1.227756376,0.987389032,1.225617932,1.159844194,1.239979969,-0.001615415
455.296,12.5,1.244,1.260469503,1.323915032,1.274929844,2.486321865,1.243875769,-0.009986393
327.5,7.3,1.86,1.87201305,0.645862903,1.777611849,4.429470484,1.859181452,-0.04400796
313.129,9.856,5.92,6.087648848,2.831906216,6.167882569,4.187205557,6.094680215,2.950679314
473.11,1.5,1.02,1.01902458,0.095629412,1.022140265,0.209829902,1.019998734,-0.000124084
322.016,7.24,1.926,2.08144475,8.070859294,1.954808415,1.495764019,1.929904643,0.202733276
398.249,2.5,1.001,1.009175153,0.816698601,1.009719009,0.87102987,1.000980084,-0.001989653
311.61,11.768,3.431,3.380955338,1.458602798,3.732707466,8.793572311,3.426410656,-0.13376112
293.605,4.812,1.995,1.979927145,0.755531579,1.687888749,15.39404767,1.995977418,0.048993371
377.2,13.1,1.84,1.801420153,2.096730815,1.746941249,5.057540815,1.839335029,-0.036139746
363.126,19.9,2.517,2.514478182,0.100191418,2.367023891,5.958526381,2.51698608,-0.000553023
410.161,3.5,1.033,1.041291864,0.802697386,1.044170766,1.081390707,1.033057456,0.005562009
322.016,7.584,2.303,2.293557677,0.410000999,2.150410774,6.625671993,2.298280392,-0.204933042
348.243,19.698,2.667,2.653199877,0.517439933,2.582910795,3.152951069,2.666498137,-0.01881752
327.5,8.6,2.67,2.57457762,3.57387191,2.420111076,9.35913573,2.663294565,-0.251139889
333.134,17.5,2.828,2.821498677,0.229891195,2.857544082,1.044698798,2.827805419,-0.00688053
315.139,8.824,8.9,8.53065595,4.149933146,7.081166529,20.43633113,8.631611912,-3.015596493
382.686,5,1.108,1.114514675,0.587967058,1.111504241,0.316267238,1.108083271,0.007515478
422.394,6.5,1.124,1.130683819,0.594645819,1.138637758,1.302291637,1.123843305,-0.013940818
337.5,7.3,1.61,1.615630386,0.349713416,1.557549698,3.257782733,1.609376257,-0.038741819
294.304,8.274,3.14,2.997479364,4.538873758,3.50551558,11.64062357,3.13910253,-0.028581846
316.598,9.856,8.385,8.352689079,0.385341932,6.903124403,17.67293497,8.371415895,-0.162004831
316.129,9.856,7.99,8.132652864,1.785392541,6.890586212,13.75987219,8.048804231,0.73597286
333.134,11.9,4.402,4.378434502,0.535336165,3.718298951,15.53160039,4.392952278,-0.205536619
311.141,9.856,4.94,5.085294073,2.941175567,5.516080675,11.66155213,4.972150862,0.650827157
442.191,5,1.071,1.079483277,0.792089356,1.087884634,1.576529785,1.070931319,-0.006412821
393.338,9.856,1.358,1.357074723,0.068135272,1.353942603,0.298777393,1.358389102,0.028652594
303.689,7.584,8.332,8.687808603,4.270386498,11.02793129,32.3563525,8.258722505,-0.879470652
412.112,8,1.194,1.199493496,0.460091792,1.206090379,1.012594556,1.194850835,0.0712592
308.076,7.584,7.536,7.16336427,4.94474164,6.32014737,16.13392556,7.513920545,-0.292986396
333.134,5,1.27,1.267838133,0.170225748,1.224386514,3.591613071,1.270075,0.005905491
320.107,19.698,2.377,2.353983958,0.968281111,2.485441693,4.562124232,2.375964743,-0.043553095
307.577,7.24,5.527,4.680121216,15.32257615,4.139019496,25.1127285,5.53930969,0.222719196
324.227,7.5,2.1,2.104945381,0.235494333,1.984300451,5.509502333,2.099406293,-0.028271779
354.403,14.791,2.81,2.817629652,0.271517865,2.548602225,9.302411922,2.809982287,-0.000630369
308.501,4.964,1.512,1.542445956,2.013621429,1.419630556,6.109090212,1.510948444,-0.069547332
332.984,19.844,2.544,2.515042015,1.138285574,2.591665625,1.873648781,2.541968674,-0.079847739
367.2,5.1,1.16,1.146807702,1.137267069,1.136567286,2.020061552,1.159428627,-0.04925633
317.658,9.856,8.341,8.508043389,2.002678204,6.784914565,18.65586183,8.340701511,-0.003578577
317.139,8.824,6.2,6.025263688,2.818327613,5.274718136,14.92390103,6.033550056,-2.684676517
352.539,2.07,0.982,0.988469388,0.658797149,0.979888087,0.215062424,0.981851566,-0.015115523
304.8,8.274,5.736,5.602152446,2.333465028,6.773726959,18.09147418,5.755595679,0.341626203
333.134,14,3.817,3.828058421,0.289714986,3.521699544,7.736454179,3.81651029,-0.012829712
332.895,11.768,4.263,4.379059193,2.722476965,3.720894275,12.7165312,4.279983564,0.398394651
407,5.1,1.12,1.095144345,2.219254911,1.098935223,1.880783661,1.119021914,-0.087329083
308.202,3,1.13,1.124813053,0.459021858,1.068941082,5.403444071,1.129771352,-0.020234328
367.2,8.6,1.47,1.433938165,2.453186054,1.414845608,3.751999456,1.468508194,-0.101483419
323.217,9.856,5.195,5.463443918,5.167351646,4.64353164,10.61536785,5.196132864,0.021806808
283.318,4.001,1.823,1.824303539,0.071505156,1.499338662,17.75432463,1.823691437,0.037928532
399.349,8.5,1.249,1.254705582,0.45681201,1.25692836,0.634776621,1.249469333,0.037576707
310.881,7.584,4.94,4.408078517,10.76764136,3.974360599,19.5473563,4.957157053,0.347308768
318.218,9.856,8.144,8.404573891,3.199581176,6.644846599,18.40807221,8.261707006,1.445321778
323.402,2.098,0.987,1.001321269,1.450989767,0.978775864,0.833245795,0.987201294,0.020394481
297.625,8.826,3.198,3.129940208,2.128198624,3.661765309,14.50172949,3.196306624,-0.052951101
367.664,9.856,1.554,1.569434412,0.993205405,1.542452601,0.743075869,1.555987169,0.127874451
314.129,9.856,6.55,6.732994552,2.793809954,6.486573206,0.968348,6.673761783,1.889492868
347.4,18.7,2.73,2.770718201,1.491509194,2.664534096,2.398018462,2.73068783,0.025195232
397.238,10,1.336,1.345857741,0.737854865,1.344574058,0.641770808,1.337157363,0.086628977
323.897,11.768,5.145,5.075051935,1.359534791,4.584344875,10.89708698,5.139257954,-0.111604394
319.338,8.826,4.333,4.634722496,6.963362474,4.165347543,3.869200485,4.387626232,1.260702342
363.126,2,0.985,0.985271153,0.027528223,0.97985147,0.522693401,0.98493521,-0.006577697
300.104,9.856,3.07,3.036475281,1.092010391,3.488762798,13.64048202,3.06808519,-0.062371676
356.873,19.698,2.619,2.607606909,0.435016838,2.47535427,5.484754868,2.619203358,0.007764714
324.856,1.5,0.951,0.957611239,0.695188118,0.942601961,0.883074553,0.951050695,0.005330665
416.9,8.6,1.27,1.213659095,4.436291732,1.221519765,3.817341339,1.269059409,-0.074062254
303.689,8.274,4.899,4.879874597,0.390394019,5.956942807,21.59507669,4.912597813,0.277563032
337.5,13.1,3.88,3.935062444,1.419135155,3.404416893,12.25729657,3.878459313,-0.039708421
363.424,19.698,2.528,2.519377904,0.341063924,2.365397282,6.432069541,2.527579879,-0.016618698
407,7.3,1.19,1.180350301,0.810899076,1.185435035,0.383610504,1.189584056,-0.034953243
322.137,11.768,4.84,4.850254355,0.211866839,4.57229051,5.53118781,4.845254435,0.108562709
321.127,11.768,4.68,4.692824718,0.274032436,4.534455603,3.109923013,4.708881568,0.617127515
324.116,11.768,5.161,5.095998809,1.259468921,4.580591882,11.24603988,5.134314246,-0.517065562
303.143,5,1.693,1.691312794,0.099657767,1.523668008,10.00188966,1.687712342,-0.312324758
454.706,8.5,1.156,1.159314131,0.286689533,1.173277351,1.494580536,1.15584453,-0.013448957
329.016,11.768,4.894,5.010804138,2.386680384,4.214756363,13.87910987,4.934923726,0.836201999
357.113,12.5,2.286,2.272124766,0.606965617,2.140400975,6.369161199,2.286154697,0.006767129
370.185,4.998,1.127,1.134415089,0.657949335,1.125942901,0.093797604,1.127187565,0.016642861
343.234,5,1.219,1.214278545,0.387321985,1.184856879,2.800912305,1.216713799,-0.187547276
289.256,4.994,2.743,2.687001197,2.041516697,2.104498845,23.27747557,2.727538855,-0.563658227
294.304,7.929,3.266,3.095536307,5.219341488,3.659193714,12.0389992,3.264499518,-0.045942503
325.656,11.768,5.204,5.185791895,0.349886722,4.520553514,13.13309927,5.204019225,0.000369427
273.15,1.2,0.956,0.958259222,0.236320293,0.908668506,4.950993096,0.956102307,0.010701592
293.355,3.001,1.189,1.203952953,1.257607485,1.1089091,6.735988225,1.189007943,0.000668036
367.944,14.791,2.23,2.236147519,0.275673498,2.094820337,6.061868296,2.230434239,0.019472599
357.3,8.6,1.58,1.538701869,2.613805759,1.507310144,4.600623797,1.578334712,-0.105397996
314.949,8.826,7.753,8.902842531,14.83093681,7.322196805,5.556599961,8.087427432,4.313522922
318.139,11.768,4.19,4.214139595,0.576123986,4.329023371,3.317980215,4.201896641,0.283929386
298.134,4.913,1.775,1.825733258,2.858211718,1.604490369,9.606176394,1.776726193,0.097250285
343.062,5.87,1.296,1.312928462,1.306208488,1.277886163,1.397672608,1.295782816,-0.01675804
337.5,11,3.2,3.169993212,0.937712125,2.875321648,10.1461985,3.200642672,0.020083495
325.216,10,4.175,4.858029823,16.35999576,4.194305836,0.462415234,4.193062891,0.432644104
423.115,1,0.979,0.979924067,0.094388866,0.981080628,0.212525843,0.978228537,-0.078801139
318.318,11.768,4.32,4.241880171,1.808329375,4.344069006,0.557152917,4.296589597,-0.541907487
313.97,6.37,2.087,1.997774129,4.27531725,1.842598302,11.71067072,2.086528017,-0.022615371
321.537,9.856,6.077,6.444482848,6.047109561,5.297667659,12.82429391,6.13370017,0.933028961
412.132,10.5,1.325,1.308223615,1.266142264,1.312905236,0.912812377,1.32536546,0.027581879
404.3,8.826,1.252,1.255496883,0.279303754,1.259352315,0.587245607,1.252728529,0.058189255
323.137,1,0.924,0.925310245,0.141801407,0.915036158,0.970112771,0.922993679,-0.108909217
370.225,2.999,1.025,1.029499026,0.438929366,1.023960657,0.101399317,1.024943984,-0.005464927
313.97,6.37,2.087,1.997774129,4.27531725,1.842598302,11.71067072,2.086528017,-0.022615371
338.594,19.698,2.614,2.597329059,0.637755968,2.623113417,0.348638753,2.61339734,-0.023055092
302.723,11.768,2.809,2.778883779,1.072133179,3.101075671,10.3978523,2.809062527,0.002225958
315.959,9.856,8.185,8.033790404,1.847398852,6.87670799,15.98401967,8.134950137,-0.611482754
408.141,7,1.161,1.166084726,0.437960896,1.171378429,0.893921533,1.161166575,0.014347536
310.881,7.24,3.768,3.348705051,11.12778527,3.02993356,19.58775053,3.776110633,0.215250351
317.318,9.856,8.411,8.511182239,1.191085947,6.844865699,18.62007254,8.411269558,0.00320483
342.874,16.5,3.125,3.125102606,0.003283392,2.926896259,6.339319712,3.124481418,-0.01659463
311.57,8.826,13.63,13.55731608,0.53326427,10.5680585,22.4647212,13.56107903,-0.505656431
377.2,8.6,1.43,1.360366171,4.869498531,1.350123014,5.585803217,1.428680247,-0.092290387
305.522,9.856,3.7,3.624287181,2.046292405,4.189722851,13.23575273,3.700407577,0.011015606
358.343,10,1.744,1.738343361,0.324348567,1.692826118,2.934282225,1.743906268,-0.005374531
377.2,15.8,2.1,2.076255825,1.130675,1.963663836,6.492198286,2.099457779,-0.025820067
397,15.8,1.75,1.722652987,1.562686457,1.676677715,4.189844857,1.74941296,-0.033545157
310.68,8.826,11.87,10.90590519,8.122112974,9.809742754,17.35684285,11.84932035,-0.174217809
336.824,14.791,3.563,3.559178452,0.107256469,3.278685922,7.979626102,3.562685799,-0.008818438
302.579,7.757,5.862,5.538482583,5.518891453,6.994167331,19.31366992,5.875550866,0.231164557
441.791,2.5,1.018,1.022415972,0.433788998,1.026607612,0.845541454,1.017843551,-0.015368304
284.123,19.698,2.031,2.025511172,0.270252486,2.061817288,1.517345544,2.028056202,-0.1449433
317.139,9.856,8.48,8.493038332,0.153753915,6.868199228,19.00708458,8.460742212,-0.227096558
311.141,8.824,12.2,12.37742628,1.45431377,10.29037109,15.65269598,12.5015319,2.471572927
372.944,14.791,2.084,2.08705558,0.146620921,1.976067203,5.179116939,2.084265681,0.012748626
450.394,11,1.218,1.229253863,0.923962479,1.243592705,2.101207307,1.217924619,-0.006188949
308.441,5.833,1.932,1.942583939,0.54782293,1.763731735,8.709537526,1.931892127,-0.005583482
323.517,3.971,1.175,1.187394327,1.05483634,1.140266591,2.956034809,1.174437669,-0.047857965
439.46,7.5,1.142,1.145879929,0.339748599,1.157286797,1.338598687,1.141882244,-0.010311386
359.263,20,2.643,2.559734806,3.150404616,2.427593801,8.150064283,2.638727752,-0.161643896
303.689,7.929,6.155,5.91738129,3.860580179,7.348460184,19.39009235,6.182102329,0.440330277
311.07,8.826,12.93,12.11044587,6.338392343,10.20788856,21.05267935,12.69007629,-1.855558445
329.135,11.768,5.04,4.996194339,0.86915994,4.200772005,16.65134911,5.004033017,-0.71363062
328.196,14.791,3.366,3.329892965,1.072698604,3.334893812,0.924129174,3.366126437,0.003756293
412.242,2,0.994,0.998869477,0.489887022,1.000527792,0.656719517,0.993805649,-0.019552451
333.134,15,3.436,3.433749359,0.065501775,3.297639536,4.026788824,3.437187717,0.034566848
327.996,11.768,5.023,5.114993058,1.831436552,4.327717326,13.84198037,5.051084108,0.559110262
308.441,5.833,1.93,1.942583939,0.652017565,1.763731735,8.61493601,1.931892127,0.098037675
425.175,10,1.237,1.248343069,0.916982134,1.257871552,1.687271787,1.237073202,0.005917708
343.252,3.133,1.055,1.057183656,0.206981611,1.03898957,1.517576303,1.054314505,-0.064975812
293.198,2.5,1.119,1.109918159,0.811603307,1.038079893,7.23146622,1.118442875,-0.049787789
332.125,11.768,4.57,4.518782304,1.12073733,3.820969489,16.39016435,4.5629505,-0.154256026
347.4,10.1,2.1,2.06525429,1.654557619,1.980351871,5.697529952,2.099315269,-0.03260624
261.903,1.154,0.969,0.970190014,0.122808462,0.904146738,6.692803096,0.968478653,-0.053802533
306.966,7.24,5.987,5.135496226,14.22254508,4.513618192,24.60968445,6.008421486,0.357800004
293.065,2.991,1.183,1.20390574,1.767180051,1.108329374,6.311971767,1.184990646,0.168270985
335.854,14.791,3.563,3.555319711,0.215556806,3.301406798,7.341936626,3.56280985,-0.005336796
326.066,11.768,5.195,5.191559196,0.066232993,4.494953114,13.47539723,5.198949314,0.076021443
344.714,19.698,2.66,2.644404459,0.586298534,2.608422248,1.939013233,2.659462901,-0.020191696
293.975,4.911,2.068,2.049581531,0.890641634,1.741898256,15.76894313,2.066140945,-0.089896271
434.158,13.5,1.326,1.3478713,1.649419306,1.35478151,2.170551282,1.325878492,-0.00916347
335.434,5.5,1.331,1.319980438,0.827916003,1.27565885,4.157862509,1.330667557,-0.024976909
322.407,1.5,0.947,0.957872073,1.148054171,0.941759623,0.553366103,0.947545853,0.057640192
309.261,8.826,8.307,7.800186881,6.101036704,8.191497177,1.390427627,8.168810752,-1.663527727
312.13,9.856,5.75,5.540196865,3.648750174,5.834706942,1.473164209,5.74989117,-0.0018927
290.169,9.856,2.548,2.530275903,0.695608203,2.812821508,10.39330879,2.548178529,0.007006629
303.143,2.5,1.07,1.074957113,0.463281589,1.023186364,4.375106168,1.069765034,-0.021959442
398.249,2.5,1.001,1.009175153,0.816698601,1.009719009,0.87102987,1.000980084,-0.001989653
344.454,7.5,1.543,1.540912033,0.135318665,1.496549902,3.010375762,1.542721555,-0.018045686
317.908,9.856,8.268,8.476027575,2.516056785,6.728393033,18.6212744,8.311127251,0.521616486
324.227,7.5,2.1,2.104945381,0.235494333,1.984300451,5.509502333,2.099406293,-0.028271779
323.267,5.984,1.538,1.560186919,1.44258251,1.477072823,3.961454941,1.53831501,0.020481795
387.456,17.5,1.913,1.977281119,3.360225771,1.881083229,1.668414584,1.913561491,0.029351328
293.455,1.959,1.018,1.028460501,1.027554126,0.977556983,3.972791454,1.017867226,-0.013042679
307.131,8.824,5.59,5.546350192,0.780855242,6.403747942,14.55720826,5.624174314,0.611347293
299.802,7.929,4.019,3.947606371,1.776402812,4.851423728,20.7122102,4.019497269,0.012372943
352.489,3.055,1.036,1.042640129,0.640939093,1.030025206,0.576717568,1.035702929,-0.028674786
388.157,1,0.954,0.958323053,0.45315021,0.957812294,0.39961153,0.95379765,-0.021210706
308.271,8.826,6.82,6.516714138,4.447006774,7.243436368,6.208744399,6.731986302,-1.290523425
327.5,15.8,3.03,3.016260049,0.453463729,3.092055417,2.048033564,3.030125278,0.0041346
319.138,11.768,4.35,4.371169049,0.486644805,4.409521478,1.368309839,4.354631506,0.106471394
285.387,1.974,1.039,1.051880172,1.239670067,0.985612697,5.138335226,1.039940097,0.090480937
387.1,8.6,1.36,1.307457832,3.863394706,1.303695269,4.14005375,1.35900423,-0.073218365
332.234,4,1.156,1.155168018,0.071970761,1.120350144,3.083897578,1.154219082,-0.154058632
309.298,7.584,6.197,5.524767028,10.84771619,4.928653882,20.46709889,6.2196127,0.364897527
313.11,10.916,3.589,4.145957416,15.51845684,4.487753373,25.04188835,3.600729317,0.326812959
316.462,7.24,2.345,2.480542125,5.780047974,2.295096306,2.128089296,2.353033916,0.34259771
299.802,8.274,3.643,3.674373818,0.86120829,4.435386102,21.75092237,3.646581157,0.098302403
343.544,8.826,1.838,1.8451303,0.387937976,1.780906138,3.1063037,1.836564363,-0.078108662
308.491,5.866,1.952,1.961031371,0.462672695,1.780010481,8.810938473,1.960194446,0.419797435
434.158,13.5,1.326,1.3478713,1.649419306,1.35478151,2.170551282,1.325878492,-0.00916347
317.128,8.824,6.2,6.034779639,2.664844532,5.282083346,14.80510732,6.013712426,-3.004638291
419.863,11.5,1.306,1.323687303,1.354311103,1.329505175,1.799783691,1.306631965,0.04838938
406.571,5.5,1.101,1.109999443,0.817388102,1.114011445,1.181784287,1.101413963,0.037598782
412.132,10.5,1.325,1.308223615,1.266142264,1.312905236,0.912812377,1.32536546,0.027581879
316.139,8.824,7.32,7.051381242,3.669655164,6.048572601,17.36922676,7.201588313,-1.617645997
337.5,10.1,2.68,2.6382551,1.557645522,2.469438107,7.856787052,2.6792407,-0.028332107
388.157,1,0.954,0.958323053,0.45315021,0.957812294,0.39961153,0.95379765,-0.021210706
323.317,5.975,1.534,1.556876813,1.491317666,1.474150274,3.901546675,1.53615574,0.140530615
344.254,14.791,3.354,3.369027892,0.448058795,3.004106081,10.43213831,3.353324125,-0.020151309
322.127,11.768,4.84,4.848760357,0.180999112,4.572018331,5.536811343,4.843238603,0.066913281
336.614,8.826,2.085,2.096293307,0.54164542,2.002905948,3.937364604,2.086946299,0.093347687
352.283,19.698,2.657,2.643576845,0.505199661,2.539613795,4.41799793,2.656600508,-0.015035454
473.11,1.2,1.016,1.014204006,0.176771063,1.016695148,0.068420079,1.015830513,-0.016681824
455.296,12.5,1.244,1.260469503,1.323915032,1.274929844,2.486321865,1.243875769,-0.009986393
357.3,10.1,1.78,1.777490191,0.141000506,1.727734278,2.936276517,1.78036694,0.020614583
303.253,4.998,1.68,1.686974841,0.415169107,1.520602534,9.487944405,1.679742758,-0.015312014
312.17,8.826,13.6,14.36961459,5.658930809,10.64117313,21.75607993,13.84065207,1.769500486
319.128,11.768,4.35,4.369572761,0.449948529,4.408762266,1.35085669,4.353378242,0.077660738
294.304,7.24,3.475,3.354544634,3.466341468,4.074984392,17.2657379,3.477789792,0.080281796
261.863,1.111,0.955,0.962139378,0.747578848,0.899317879,5.830588586,0.956021456,0.106958716
320.127,11.768,4.623,4.53073929,1.995689163,4.478757324,3.120109799,4.555587671,-1.458194447
333.265,8.826,2.247,2.274652493,1.230640543,2.159718944,3.884337161,2.247581319,0.025870914
333.134,1,0.931,0.929026309,0.211996885,0.921308594,1.040967347,0.930539696,-0.049441911
325.486,11.768,5.208,5.181109798,0.516324923,4.530021397,13.01802233,5.206371765,-0.031264109
312.13,8.824,14.3,14.37999974,0.559438741,10.66101105,25.44747517,14.08584778,-1.497567977
285.077,3.943,1.701,1.701816473,0.047999588,1.43282223,15.76588889,1.700815462,-0.010848789
303.383,11.768,2.846,2.81075222,1.23850246,3.138750475,10.28638352,2.845146779,-0.029979663
326.136,11.768,5.23,5.191760862,0.731149866,4.490200591,14.14530419,5.212232203,-0.339728429
304.203,9.856,3.496,3.441298886,1.564677174,3.981695163,13.89288224,3.492637577,-0.096179143
323.117,17.372,2.577,2.62170951,1.734944121,2.763988096,7.256037873,2.577500498,0.019421741
332.135,11.768,4.57,4.516977388,1.16023221,3.819664421,16.41872164,4.561091585,-0.194932496
391.697,19.698,2,2.000127213,0.00636065,1.899376547,5.03117265,1.998875663,-0.056216864
367.2,13.1,2.05,2.028866907,1.030882585,1.93704407,5.510045366,2.049822148,-0.008675728
410.161,3.5,1.033,1.041291864,0.802697386,1.044170766,1.081390707,1.033057456,0.005562009
397.238,10,1.336,1.345857741,0.737854865,1.344574058,0.641770808,1.337157363,0.086628977
313.14,9.856,5.92,6.094203874,2.942633007,6.171532593,4.248861368,6.079529625,2.694757173
333.134,13,4.243,4.259365915,0.385715649,3.718091171,12.37117202,4.240272639,-0.064279071
438.43,16.5,1.411,1.430476274,1.38031708,1.429975782,1.34484635,1.410887166,-0.007996759
282.508,4.001,1.874,1.867083628,0.369070011,1.519321066,18.92630384,1.870300706,-0.197400981
366.624,8.826,1.461,1.463175584,0.148910609,1.442299533,1.279977207,1.462263807,0.086502902
324.966,14.791,3.228,3.187436644,1.256609542,3.279341569,1.590507094,3.228894472,0.027709781
303.133,4.989,1.674,1.686365595,0.738685484,1.519549778,9.226417085,1.677527126,0.21070049
324.266,9.856,4.753,4.974120754,4.652235514,4.297331502,9.586966085,4.741687576,-0.238005984
308.076,7.24,5.192,4.38166992,15.60728197,3.892244912,25.0338037,5.206653123,0.282225024
298.385,14.791,2.36,2.339787221,0.856473686,2.51565969,6.595749576,2.360094784,0.004016251
315.549,9.856,7.969,7.76450945,2.566075417,6.824480184,14.36215104,7.948650674,-0.255356078
291.798,11.768,2.437,2.410784985,1.075708453,2.628940129,7.876082437,2.437010847,0.000445087
293.915,3.914,1.428,1.453852497,1.81039895,1.298800245,9.047601891,1.429047299,0.073340248
399.349,8.5,1.249,1.254705582,0.45681201,1.25692836,0.634776621,1.249469333,0.037576707
397.458,4,1.05,1.060414775,0.991883333,1.061485846,1.093890095,1.05014336,0.013653351
311.13,9.856,4.94,5.080684924,2.847872955,5.512655297,11.59221249,4.966325923,0.532913417
363.127,1.5,0.961,0.963855331,0.297120812,0.959746518,0.130435172,0.961105625,0.010991205
310.13,8.824,9.39,9.48993813,1.064303834,9.193236447,2.095458498,9.710709674,3.415438491
382.686,5,1.108,1.114514675,0.587967058,1.111504241,0.316267238,1.108083271,0.007515478
442.071,10,1.208,1.214641372,0.54978245,1.227729783,1.633260182,1.207880479,-0.009894136
423.115,1.2,0.984,0.984495777,0.050383841,0.98589695,0.192779472,0.983960943,-0.003969211
454.706,8.5,1.156,1.159314131,0.286689533,1.173277351,1.494580536,1.15584453,-0.013448957
319.488,8.826,4.263,4.566113262,7.110327516,4.109068542,3.61087164,4.286393426,0.548755008
397.458,4,1.05,1.060414775,0.991883333,1.061485846,1.093890095,1.05014336,0.013653351
342.094,6.5,1.41,1.406776185,0.228639362,1.365922034,3.126096879,1.409715195,-0.020198953
393.12,1.5,0.974,0.976270058,0.233065503,0.976044542,0.20991191,0.974165862,0.017028966
423.484,14.5,1.409,1.432898555,1.696135912,1.430688004,1.539247977,1.409158504,0.011249427
320.138,11.768,4.52,4.532526975,0.277145465,4.479455225,0.897008296,4.551020563,0.686295652
298.164,3.902,1.363,1.381899724,1.386626853,1.256708709,7.798333896,1.364782147,0.130751812
313.339,9.856,6.452,6.214852728,3.675562182,6.237233026,3.328688376,6.408337542,-0.676727503
477.275,10,1.169,1.175099069,0.521733875,1.191903398,1.95922994,1.168500716,-0.042710374
387.1,11,1.48,1.4794678,0.035959459,1.466492062,0.912698514,1.479748209,-0.017012894
315.999,8.826,6.477,7.239865852,11.77807398,6.18512104,4.506391231,6.761677331,4.395203507
397,18.7,1.9,1.8796183,1.072721053,1.801660484,5.175764,1.899835627,-0.008651223
346.554,4,1.109,1.115170128,0.55636862,1.094516659,1.305982056,1.108905336,-0.008536015
397,11,1.46,1.40798569,3.562623973,1.403134472,3.894899178,1.459042027,-0.065614599
293.248,1.5,0.97,0.972823045,0.291035567,0.936132812,3.49146268,0.969778303,-0.022855322
320.107,9.856,6.962,7.432627068,6.759940649,5.919822019,14.96951998,7.213376988,3.610700771
407.231,12.5,1.41,1.432004309,1.560589291,1.427589598,1.24748922,1.41074873,0.053101446
416.9,10.1,1.31,1.274643067,2.699002519,1.281651836,2.163981985,1.310170773,0.013036075
296.825,5.859,3.438,3.406733938,0.909425887,2.759216853,19.74354703,3.439783284,0.051869797
310.881,7.757,5.862,5.292261729,9.719178966,4.754104689,18.89961295,5.919834585,0.98660158
332.435,3.982,1.142,1.152608718,0.928959545,1.118214431,2.082799387,1.143824719,0.159782784
310.03,8.826,10.06,9.237608619,8.174864622,9.058253304,9.957720636,9.868862849,-1.899971683
315.349,9.856,7.842,7.622136443,2.803666883,6.790182829,13.41261376,7.778082865,-0.81506165
353.333,19.698,2.648,2.637591367,0.393075264,2.526177691,4.60054037,2.648258799,0.009773392
491.47,5,1.075,1.082255969,0.67497386,1.092709377,1.647383907,1.074453262,-0.050859363
319.418,9.856,7.412,7.882336089,6.345602928,6.213386425,16.17125708,7.448443731,0.491685517
261.443,2.381,1.39,1.374359605,1.125208273,1.125745716,19.01109957,1.38879001,-0.087049636
299.802,7.584,4.396,4.339746354,1.279655278,5.4590194,24.18151501,4.422393084,0.600388623
370.195,1.004,0.948,0.947890019,0.011601371,0.945880479,0.223578165,0.947470154,-0.055890967
347.4,7.3,1.47,1.470035642,0.002424626,1.432499174,2.551076599,1.469988488,-0.000783147
367.2,7.3,1.32,1.310546841,0.716148409,1.296029052,1.815980909,1.320118931,0.009009898
255.014,2,1.315,1.277084026,2.88334403,1.055956443,19.69912981,1.310139626,-0.369610194
305.911,8.274,7.369,6.787591596,7.889922703,7.991472004,8.447170634,7.331545786,-0.508267258
400.339,6.5,1.153,1.157662766,0.404402949,1.160613824,0.660349003,1.153136974,0.011879828
416.9,18.7,1.68,1.649423718,1.820016786,1.614491702,3.899303452,1.679511157,-0.029097787
392.457,14.791,1.717,1.713878455,0.181802271,1.670557834,2.704843681,1.717167192,0.009737465
312.47,9.856,5.921,5.716124356,3.460152744,5.947792946,0.45250711,5.915423789,-0.094176843
302.579,8.274,4.396,4.395983694,0.000370928,5.371349637,22.18720739,4.402276875,0.142786049
298.274,5.391,2.207,2.227158575,0.913392614,1.917502417,13.11724436,2.210363075,0.152382183
329.255,9.856,3.47,3.518413642,1.395205821,3.192786147,7.988871844,3.476283412,0.181078155
310.921,7.906,7.391,6.37138731,13.79532797,5.688290535,23.03760607,7.406341976,0.207576455
331.435,14.791,3.487,3.456647426,0.870449498,3.352300958,3.862891941,3.485435577,-0.044864436
383.466,3,1.014,1.026267767,1.209838955,1.024219932,1.00788284,1.014042126,0.004154432
299.035,9.856,2.98,2.957677347,0.749082315,3.388462999,13.70681205,2.980104248,0.003498248
416.9,5.1,1.12,1.089462572,2.726556071,1.095046331,2.228006161,1.117491362,-0.223985518
313.129,8.824,13.6,13.45872316,1.038800294,9.848283411,27.58615139,13.49773781,-0.751927857
261.413,2.032,1.229,1.210108282,1.537161758,1.039917226,15.38509146,1.227561373,-0.117056745
352.459,3.889,1.085,1.095731918,0.989116866,1.079776469,0.481431429,1.084947913,-0.004800617
452.715,20,1.457,1.460571629,0.245135827,1.457339977,0.023334043,1.45595005,-0.072062439
314.289,11.768,3.741,3.675346239,1.754978909,3.975598199,6.271002379,3.716598274,-0.652278158
491.71,20,1.324,1.33927914,1.154013595,1.352900913,2.182848414,1.322442304,-0.117650768
273.15,1.5,1.005,1.006904224,0.189475025,0.9402457,6.44321393,1.005520459,0.051786982
424.364,20,1.67,1.629968268,2.397109701,1.598428449,4.285721617,1.668955808,-0.062526494
328.236,8.826,2.621,2.67578787,2.090342236,2.509789921,4.243040023,2.627014726,0.22948209
326.966,11.768,5.132,5.17680735,0.873097233,4.42585098,13.75972369,5.141347996,0.182151137
327.5,18.7,2.56,2.551778092,0.321168281,2.662826182,4.016647734,2.560212443,0.008298536
494.221,2.5,1.04,1.045120571,0.492362596,1.05057693,1.0170125,1.038348179,-0.158828954
327.5,5.1,1.32,1.323778175,0.286225379,1.26828686,3.917662121,1.320490896,0.037189115
333.134,2,0.99,0.988738557,0.127418485,0.972843054,1.733024848,0.988759231,-0.12533023
303.143,9.8,3.319,3.340359165,0.643542181,3.867097821,16.51394459,3.323079049,0.122899928
376.985,11.768,1.651,1.660596548,0.581256693,1.627033128,1.451657904,1.651528678,0.032021664
342.094,6.5,1.41,1.406776185,0.228639362,1.365922034,3.126096879,1.409715195,-0.020198953
442.071,10,1.208,1.214641372,0.54978245,1.227729783,1.633260182,1.207880479,-0.009894136
293.815,3.915,1.429,1.45606461,1.893954514,1.300118513,9.01899839,1.431139935,0.14975054
297.684,3.879,1.366,1.381773771,1.154741654,1.255266382,8.106414202,1.365786366,-0.015639388
359.233,6,1.246,1.2377764,0.66,1.219996137,2.0869874,1.245943527,-0.004532369
298.144,5.99,3.511,3.448215628,1.788219083,2.8286491,19.43465964,3.523373185,0.352412001
325.236,6.5,1.576,1.665285625,5.665331536,1.579056204,0.193921574,1.577226708,0.07783682
393.12,1,0.959,0.961332893,0.243263087,0.961142381,0.223397393,0.961639714,0.275256949
423.115,1.5,0.991,0.991469413,0.047367608,0.993244251,0.226463269,0.991017797,0.001795857
399.309,15,1.636,1.645114545,0.557123778,1.612615417,1.429375489,1.636241414,0.01475638
323.137,1.2,0.936,0.937894465,0.202400107,0.925451229,1.127005449,0.935587768,-0.04404185
321.127,9.856,6.9,6.719969906,2.609131797,5.472974835,20.68152413,6.821679599,-1.135078278
313.14,11.768,3.52,3.540568929,0.584344574,3.869267922,9.922384148,3.521011261,0.028729007
330.125,11.768,4.9,4.858629001,0.844306102,4.079622793,16.74239198,4.898586315,-0.028850724
319.138,8.824,4.76,4.724132742,0.753513824,4.238683195,10.95203372,4.725904389,-0.716294352
416.9,15.8,1.57,1.529760674,2.563014395,1.514767154,3.518015669,1.56943748,-0.035829322
357.3,11,1.96,1.948421044,0.590763061,1.877533435,4.207477806,1.960068822,0.00351133
426.185,3.5,1.035,1.041970354,0.673464155,1.046674233,1.127945217,1.034978061,-0.002119742
343.212,4.966,1.194,1.210936461,1.41846407,1.181696098,1.030477554,1.19837346,0.366286472
255.044,1.986,1.3,1.269475394,2.348046615,1.052366378,19.04874015,1.302060071,0.158466976
343.664,8.5,1.675,1.760961398,5.132023761,1.703011566,1.672332299,1.676910859,0.114081146
461.468,3,1.033,1.039700816,0.648675315,1.045590798,1.218857502,1.032819552,-0.017468369
397,5.1,1.12,1.103056782,1.512787321,1.104527877,1.381439554,1.119621315,-0.033811159
387.1,13.1,1.66,1.650978894,0.54344012,1.618656473,2.490573916,1.659867682,-0.007970976
314.14,9.856,6.55,6.740644155,2.910597786,6.489848938,0.918336824,6.663003158,1.72523905
311.92,8.826,13.68,14.18949793,3.724400073,10.66604901,22.03180548,13.73723451,0.418380928
399.309,15,1.636,1.645114545,0.557123778,1.612615417,1.429375489,1.636241414,0.01475638
261.453,2.365,1.379,1.365014817,1.014153952,1.121090128,18.70267382,1.38106234,0.149553292
363.126,10,1.66,1.652786273,0.434561867,1.617009952,2.589761928,1.659988444,-0.000696122
323.427,8.826,3.219,3.374029709,4.816082914,3.110717256,3.363862815,3.230235711,0.349043518
302.579,7.24,9.965,10.7421573,7.798869042,14.72114542,47.72850396,9.74695882,-2.188070048
298.194,2.039,1.015,1.028705301,1.350275961,0.982312424,3.220450837,1.015193562,0.019070135
328.126,11.768,5.15,5.103961311,0.893955126,4.31409517,16.23116175,5.114133815,-0.696430778
292.858,9.856,2.648,2.628152731,0.749519222,2.951070515,11.44526114,2.647848788,-0.005710435
331.135,11.768,4.74,4.69388025,0.972990506,3.950111931,16.66430525,4.708149469,-0.671952124
334.485,19.698,2.569,2.549398688,0.76299385,2.612680304,1.700284313,2.568914844,-0.003314745
283.263,14.791,2.147,2.139340812,0.356739078,2.225343117,3.648957476,2.145390572,-0.074961723
343.192,1.036,0.932,0.935226232,0.346162232,0.929340416,0.28536309,0.931483301,-0.055439842
315.129,9.856,7.28,7.460994937,2.48619419,6.74649398,7.328379396,7.330843705,0.698402546
412.242,2,0.994,0.998869477,0.489887022,1.000527792,0.656719517,0.993805649,-0.019552451
363.126,15.1,2.46,2.447221192,0.51946374,2.259147975,8.164716463,2.462019052,0.082075277
323.177,3.939,1.164,1.184918165,1.797093213,1.13768774,2.260503436,1.164900696,0.077379373
308.161,11.768,3.143,3.093674532,1.569375374,3.454028445,9.8959098,3.140862571,-0.068006011
311.48,9.856,5.366,5.232058408,2.496116139,5.623055723,4.79045328,5.347688784,-0.341245182
335.085,14.791,3.559,3.547252018,0.330092217,3.316576257,6.811569064,3.558279897,-0.020233294
323.117,17.372,2.577,2.62170951,1.734944121,2.763988096,7.256037873,2.577500498,0.019421741
333.054,2.053,0.984,0.992267837,0.840227337,0.975884758,0.824719715,0.985151992,0.117072368
309.298,7.929,10.509,10.50953355,0.005077077,9.137281179,13.05280066,10.34049156,-1.603467878
303.083,14.791,2.46,2.433207896,1.089109919,2.632203362,7.000136667,2.460027926,0.001135195
323.387,11.768,5.099,5.019385534,1.561374113,4.588469298,10.01236913,5.085914631,-0.256626182
309.298,7.757,7.62,7.235861825,5.041183399,6.415588864,15.80592042,7.677767821,0.758107892
308.551,4.079,1.293,1.306194313,1.020441841,1.219797781,5.661424517,1.292595235,-0.031304314
293.415,3.98,1.466,1.488970144,1.56685839,1.323394308,9.727536971,1.470452657,0.303728323
312.14,8.824,14.3,14.38361006,0.584685734,10.65869302,25.46368517,14.06237215,-1.661733221
314.729,9.856,7.396,7.164505474,3.129996295,6.653093915,10.04470099,7.33772962,-0.787863436
258.563,1.511,1.063,1.063021171,0.001991627,0.952832457,10.36383283,1.064487329,0.139918027
270.191,2.124,1.163,1.160394545,0.224028805,1.032216799,11.24533113,1.163576802,0.049596072
317.118,8.826,5.551,6.0534702,9.051886147,5.296079208,4.592339975,5.931115773,6.847699024
323.207,12.262,4.384,4.438082256,1.233628102,4.262836376,2.763768796,4.389094861,0.116214897
441.791,2.5,1.018,1.022415972,0.433788998,1.026607612,0.845541454,1.017843551,-0.015368304
323.317,2.993,1.073,1.079294419,0.586618733,1.04549407,2.563460391,1.072695421,-0.028385778
261.503,1.998,1.202,1.196247952,0.478539767,1.032606412,14.09264459,1.205218061,0.267725546
363.126,5,1.15,1.149533545,0.040561304,1.137058725,1.125328261,1.150128392,0.011164523
313,2.947,1.096,1.101393783,0.492133485,1.054887944,3.7511,1.095849232,-0.013756226
342.572,2.977,1.036,1.04722634,1.083623552,1.02954556,0.623015444,1.036334009,0.032240284
391.317,7.5,1.225,1.226320522,0.107797714,1.225932648,0.076134531,1.225248328,0.020271705
322.016,7.929,2.596,2.561947507,1.311729314,2.395919756,7.70725131,2.594277528,-0.066351001
293.378,4,1.49,1.497827854,0.525359329,1.329890708,10.74559007,1.488818623,-0.079287025
293.285,2.054,1.028,1.041718802,1.334513813,0.987254393,3.963580447,1.028704999,0.068579696
491.71,20,1.324,1.33927914,1.154013595,1.352900913,2.182848414,1.322442304,-0.117650768
443.697,6.998,1.117,1.129245808,1.096312265,1.140584803,2.111441629,1.116995462,-0.000406238
473.11,1,1.011,1.011022744,0.002249654,1.01309712,0.207430267,1.009942961,-0.104553789
367.2,18.7,2.46,2.473424532,0.545712683,2.296236582,6.657049512,2.460077479,0.003149539
308.202,3,1.13,1.124813053,0.459021858,1.068941082,5.403444071,1.129771352,-0.020234328
346.494,3,1.021,1.044664657,2.317792067,1.029162094,0.799421548,1.021492878,0.048274083
323.207,12.265,4.384,4.43515604,1.166880474,4.260991089,2.805860196,4.386397587,0.054689483
327.5,10.1,4.38,4.247641957,3.021873128,3.737639526,14.66576425,4.36226668,-0.404870322
325.536,5,1.34,1.324203445,1.178847388,1.265692789,5.545314254,1.339185511,-0.060782771
407,15.8,1.65,1.612291959,2.285335818,1.584590409,3.964217636,1.649270577,-0.044207456
343.664,8.5,1.675,1.760961398,5.132023761,1.703011566,1.672332299,1.676910859,0.114081146
309.131,8.824,7.45,7.616069615,2.229122349,8.068276857,8.299018215,7.544508069,1.268564689
306.132,8.824,5.04,4.956993553,1.646953313,5.830363467,15.68181482,5.090077783,0.993606805
381.435,8.826,1.344,1.352498516,0.63233006,1.34465619,0.048823661,1.345287263,0.095778487
325.956,9.856,4.185,4.347618037,3.885735651,3.835165012,8.359258973,4.173787708,-0.267916181
293.168,3.5,1.345,1.32969009,1.138283271,1.203040488,10.55461056,1.344638841,-0.026852001
306.466,8.274,7.871,7.709998899,2.045497408,8.84961982,12.43323364,7.92325799,0.66393076
319.368,9.856,7.446,7.911937991,6.257560986,6.233853898,16.27915796,7.501899953,0.75073802
283.863,11.768,2.278,2.259821968,0.79798209,2.405796738,5.610041176,2.276974297,-0.045026474
303.689,7.757,7.034,6.873861904,2.276629173,8.620543594,22.55535391,7.060754682,0.380362268
312.73,4.811,1.4,1.426537926,1.895566143,1.331726061,4.876709929,1.401452171,0.103726499
293.168,3.5,1.345,1.32969009,1.138283271,1.203040488,10.55461056,1.344638841,-0.026852001
314.14,11.768,3.63,3.65713708,0.747577961,3.961680211,9.137195895,3.641349252,0.312651579
387.1,15.8,1.89,1.870840478,1.013731323,1.798279376,4.852943069,1.889471467,-0.027964721
313.129,9.856,6.352,6.087648848,4.161699496,6.167882569,2.898574166,6.094680215,-4.051004166
407,13.1,1.49,1.466016759,1.60961349,1.45826272,2.130018792,1.489161474,-0.056276881
305.411,8.274,6.322,6.172618617,2.36288173,7.377144101,16.6900364,6.377093243,0.871452757
303.983,8.826,4.342,4.150899893,4.401200069,4.951327712,14.03334205,4.340323868,-0.038602756
270.211,2.124,1.163,1.160239927,0.23732356,1.032165186,11.24976905,1.163347848,0.029909524
422.684,17.5,1.55,1.557335104,0.473232516,1.538167862,0.763363742,1.550172572,0.011133672
422.684,17.5,1.55,1.557335104,0.473232516,1.538167862,0.763363742,1.550172572,0.011133672
302.579,7.929,5.317,5.037021592,5.265721422,6.281401589,18.13807766,5.318459907,0.027457341
317.168,9.856,8.429,8.496928016,0.805884636,6.864812662,18.55721127,8.445129089,0.191352348
293.315,5.017,2.177,2.218738243,1.917236702,1.856827028,14.70707267,2.18356457,0.301542017
401.469,11.768,1.429,1.42666412,0.163462561,1.421548822,0.521426032,1.429361422,0.025291949
311.13,8.824,12.2,12.34280072,1.170497705,10.28077742,15.73133262,12.4801962,2.296690139
291.472,7.929,3.015,2.867191866,4.902425672,3.331179099,10.48686896,3.015137141,0.00454862
325.116,14.791,3.239,3.194201487,1.383097036,3.282604454,1.346231985,3.238036517,-0.029746314
311.19,8.826,13.2,12.48723068,5.399767576,10.31327098,21.86915924,12.88788769,-2.364487227
330.405,3.5,1.096,1.110987385,1.367462135,1.079065089,1.545156113,1.096148524,0.013551489
317.868,14.791,2.907,2.876955612,1.033518679,3.079637936,5.938697489,2.907703242,0.024191348
327.086,11.768,5.12,5.172024554,1.01610457,4.415392973,13.761856,5.157118157,0.724963997
323.217,4.889,1.314,1.325697288,0.890204566,1.263366659,3.853374505,1.314366105,0.027861888
297.865,11.768,2.621,2.583035558,1.448471652,2.859919222,9.115575048,2.62048553,-0.019628766
393.12,1.2,0.966,0.967225909,0.126905694,0.967016782,0.105256936,0.966075837,0.007850653
453.765,15,1.309,1.330433862,1.637422613,1.341172924,2.457824599,1.308834249,-0.012662425
385.876,11,1.482,1.489956315,0.53686336,1.47577634,0.419950067,1.482396073,0.026725589
372.554,19.698,2.356,2.353812382,0.092853056,2.20042315,6.603431664,2.354810203,-0.050500709
344.454,7.5,1.543,1.540912033,0.135318665,1.496549902,3.010375762,1.542721555,-0.018045686
322.016,8.274,2.931,2.907561461,0.799677209,2.706825041,7.648412112,2.928827057,-0.074136566
310.631,2.172,0.993,1.021894827,2.909851662,0.987435851,0.560337261,0.993769399,0.077482312
442.191,5,1.071,1.079483277,0.792089356,1.087884634,1.576529785,1.070931319,-0.006412821
321.117,11.768,4.773,4.691219199,1.713404588,4.533982322,5.007703289,4.71779324,-1.156646967
309.298,7.24,4.522,3.831546744,15.26875843,3.434634386,24.04612149,4.529421566,0.164121324
416.9,13.1,1.44,1.407086765,2.285641319,1.406528858,2.324384861,1.439410997,-0.040902972
343.082,5.985,1.304,1.327251905,1.783121549,1.29149921,0.95864954,1.304907746,0.069612388
258.883,2.011,1.244,1.230429546,1.090872508,1.043876688,16.08708296,1.243785878,-0.017212369
329.415,14.791,3.412,3.380527257,0.922413335,3.346492377,1.919918611,3.412323368,0.009477381
486.018,15,1.246,1.262906729,1.356880337,1.280549932,2.772867737,1.244905574,-0.087835117
347.4,5.1,1.2,1.206437764,0.536480333,1.180991367,1.58405275,1.20001467,0.001222529
367.2,10.1,1.64,1.605463368,2.105892195,1.575400922,3.938968171,1.638003024,-0.121766812
296.825,5.859,3.435,3.406733938,0.822883901,2.759216853,19.67345406,3.439783284,0.139251343
342.074,19.698,2.646,2.628454163,0.663107974,2.619383752,1.005905064,2.645456455,-0.020542135
299.802,7.757,4.229,4.123288564,2.499679262,5.122183003,21.12043043,4.229414192,0.009794088
293.705,4.728,1.892,1.902680976,0.564533615,1.632204369,13.73127014,1.896964267,0.262381981
313.02,3.874,1.218,1.232162937,1.162802709,1.165097026,4.343429721,1.217754665,-0.020142475
283.263,8.826,2.428,2.417673115,0.425324753,2.650326373,9.156769893,2.427449738,-0.022663194
350.023,19.698,2.665,2.65161219,0.502356848,2.565571487,3.730901051,2.664633492,-0.01375264
453.765,15,1.309,1.330433862,1.637422613,1.341172924,2.457824599,1.308834249,-0.012662425
304.134,8.274,5.234,5.132096347,1.946955541,6.249461528,19.40125197,5.238670569,0.08923518
311.742,3.551,1.202,1.188372566,1.13372995,1.126189755,6.307008735,1.200986533,-0.084315027
331.155,14.791,3.471,3.446879937,0.69490242,3.352549239,3.412583146,3.471996269,0.028702659
363.126,1,0.943,0.943771784,0.081843478,0.941005763,0.211477943,0.941740373,-0.133576536
316.558,11.768,4.054,3.978283423,1.867700469,4.18814271,3.308897632,4.037626719,-0.403879651
318.139,9.856,8.56,8.425897652,1.566616215,6.667474166,22.10894666,8.467365189,-1.082182377
347.4,11,2.36,2.341736419,0.773880551,2.212003245,6.271048941,2.357633193,-0.100288413
397,7.3,1.21,1.201069113,0.738089835,1.20298781,0.579519835,1.209844684,-0.012836026
303.103,5.997,2.512,2.493628342,0.731355812,2.184968202,13.01878177,2.545186742,1.321128274
358.763,8.826,1.545,1.551223755,0.402832039,1.520225074,1.603555081,1.546260223,0.081567837
298.274,5.399,2.215,2.23623434,0.958660948,1.924506139,13.114847,2.221780305,0.306108589
289,14.791,2.223,2.201716451,0.957424606,2.322103244,4.45808565,2.222959899,-0.001803932
290.336,4.993,2.501,2.515349978,0.573769612,2.016647318,19.36636074,2.505684263,0.187295616
357.3,15.8,2.76,2.750543538,0.342625435,2.49911836,9.452233333,2.759313839,-0.024860915
291.472,7.384,3.098,2.993992923,3.357232957,3.534805332,14.09959109,3.09659471,-0.04536121
324.126,11.768,5.11,5.096910318,0.25615816,4.5803919,10.36415068,5.129003158,0.371881771
329.945,8.826,2.475,2.515046465,1.61803899,2.369935046,4.245048646,2.475952368,0.038479512
322.857,11.768,5.028,4.952541584,1.500764041,4.58604586,8.789859586,5.016859159,-0.221575993
303.143,1.5,0.959,0.964713594,0.595786653,0.936933647,2.300975287,0.959040127,0.004184246
335.434,5.5,1.331,1.319980438,0.827916003,1.27565885,4.157862509,1.330667557,-0.024976909
348.033,11.768,2.532,2.556981735,0.986640403,2.378465127,6.063778555,2.53251906,0.020499983
323.127,11.768,4.98,4.987636105,0.153335442,4.588121233,7.869051546,4.991465312,0.230227153
361.633,15,2.581,2.496827709,3.261227857,2.29832649,10.9520926,2.578887627,-0.08184321
243.156,1,0.985,0.98695102,0.198073096,0.888219909,9.825389949,0.986262322,0.12815448
316.139,9.856,7.99,8.138184007,1.85461836,6.891252688,13.75153081,8.054977024,0.81322934
337.5,15.8,3.24,3.270783741,0.950115463,3.105951859,4.137288302,3.240740093,0.022842377
310.881,8.174,9.58,10.26350459,7.134703445,8.794457008,8.199822463,9.578842959,-0.012077676
321.138,11.768,4.68,4.694590123,0.311754765,4.534974113,3.098843739,4.705151877,0.537433279
292.216,5.003,2.318,2.305801147,0.526266307,1.90442533,17.84187532,2.316449728,-0.066879741
306.012,8.826,5.17,4.893945551,5.339544468,5.765076356,11.51018097,5.129468929,-0.783966556
,,,,1.787883891,,7.539936612,,6.847699024
,,,,,,,,-4.051004166
