308.132,2.942,253.3,251.3373954,0.774814291,250.7135664,1.021094986,253.2879828,-0.004744251
358.123,2.942,281.7,280.0071068,0.600956053,279.4628255,0.794169152,281.6991521,-0.000301009
358.123,9.807,257.1,256.4477407,0.253698678,265.4078114,3.231354103,257.0998501,-5.83E-05
333.124,5.394,253,252.3585567,0.253534901,253.7195949,0.284424862,253.0002727,0.000107777
348.124,3.432,273.9,272.5524884,0.491972107,272.0726802,0.667148521,273.8984479,-0.000566653
300,2.578,249.121,249.0448995,0.030547605,248.3444784,0.311704593,249.120111,-0.000356867
368.124,8.336,268,267.6108481,0.145205933,272.0603036,1.515038657,267.9997692,-8.61E-05
373.074,3.432,286.7,285.6069565,0.381249913,285.265607,0.500311475,286.6987159,-0.000447889
333.124,4.903,256,255.2562868,0.290512969,255.9355838,0.025162578,256.0006816,0.00026624
313.13,3.923,248.4,246.9057855,0.601535628,246.9712924,0.57516409,248.3992585,-0.000298508
343.124,3.432,271.1,269.7399342,0.501684176,269.2423993,0.685208668,271.1010794,0.000398169
293.138,2.942,242.2,240.5383924,0.686047729,240.2066296,0.82302659,242.1968177,-0.00131391
358.123,9.316,257.9,257.399359,0.19412214,265.0468843,2.771184296,257.8999183,-3.17E-05
370,2.019,289.275,289.2289915,0.015904762,288.7268736,0.18948281,289.2752935,0.000101466
273.15,2.855,223.144,224.0016122,0.384331284,224.8910022,0.782903506,223.1580438,0.006293621
328.126,9.316,225.6,224.7728547,0.36664242,244.6331182,8.436665869,225.5961093,-0.001724584
328.126,7.355,236.1,235.5198254,0.245732571,242.7241144,2.805639305,236.0986561,-0.00056919
400,3.337,298.545,298.5424271,0.000861813,298.3596471,0.062085414,298.5455814,0.000194751
298.144,1.13,260.79,260.4632736,0.125283331,259.8065626,0.377099352,260.7879941,-0.000769175
450,13.707,316.526,316.2656479,0.08225299,322.0666857,1.750467797,316.5261854,5.86E-05
338.124,3.432,268.3,266.8474127,0.541404137,266.3381865,0.731201454,268.3004877,0.00018179
370,1.449,291.407,291.3578251,0.016874989,290.9211328,0.166731479,291.4071402,4.81E-05
270,1.846,236.431,236.3366848,0.039891216,235.9563913,0.200738778,236.4301777,-0.000347778
328.126,3.432,262.3,260.7886036,0.576209074,260.2825805,0.769126763,262.2988058,-0.000455276
270,2.316,229.714,229.5964331,0.051179684,229.7090808,0.002141445,229.7180051,0.001743516
323.127,3.432,259.1,257.5998284,0.578993284,257.1146896,0.766233269,259.1009385,0.000362204
358.123,7.845,261.7,261.3210774,0.14479274,265.6212064,1.498359343,261.7006733,0.000257295
300,6.008,207.702,207.6242664,0.037425542,218.524494,5.210587284,207.6987698,-0.001555209
343.124,4.903,263.2,262.3381135,0.327464476,262.823338,0.143108663,263.200373,0.000141732
298.144,1.461,257.889,257.7061308,0.070910043,256.9477093,0.364998391,257.8897312,0.000283524
273.15,1,248.732,248.649376,0.033218082,248.0958192,0.255769583,248.7211972,-0.004343155
313.13,5.884,230.3,229.6025833,0.302829657,234.1569464,1.674748762,230.298275,-0.000749043
270,1.63,239.286,239.1995903,0.036111473,238.7075027,0.241759777,239.2856221,-0.000157945
343.124,5.884,258,257.4899202,0.197705349,259.2016726,0.465764574,258.000613,0.000237601
363.123,4.413,278.1,276.8088132,0.464288673,276.820012,0.460261776,278.0994944,-0.000181803
350,1.144,284.253,284.1944499,0.020597883,283.7246971,0.185856578,284.2512834,-0.000603885
333.124,3.432,265.4,263.8665536,0.577786888,263.3536242,0.771053429,265.398794,-0.000454396
350,1.873,280.864,280.8085641,0.019737631,280.1868269,0.241103559,280.8644479,0.000159478
350,4.067,270.669,270.6730444,0.001494224,270.4814054,0.069307752,270.6765659,0.002795264
333.124,9.316,232.4,231.5814552,0.352213769,247.4169959,6.461702194,232.3976005,-0.001032493
343.124,6.865,253.2,252.818944,0.150496051,256.3222584,1.233119431,253.2002362,9.33E-05
400,7.686,289.557,289.536035,0.007240371,291.8867231,0.804581861,289.557277,9.57E-05
298.144,3.198,241.995,241.7918466,0.08394942,241.5421964,0.187112792,242.0015424,0.002703517
300,3.643,238.812,238.7933847,0.00779496,238.9983696,0.078040299,238.814907,0.001217278
293.138,5.394,206.3,205.3767741,0.44751619,214.8136777,4.126843286,206.3077435,0.003753501
330,1.059,275.997,275.9381733,0.021314253,275.4063117,0.214019826,275.9949139,-0.000755837
348.124,7.845,253.5,253.0234609,0.187983866,258.3107603,1.897735819,253.4986753,-0.000522567
338.124,7.355,246.6,245.9709226,0.255100324,251.2541162,1.88731395,246.5993086,-0.000280359
343.124,4.413,265.9,264.7943958,0.415796991,264.8484468,0.395469425,265.9001319,4.96E-05
313.13,8.336,201.2,200.7804158,0.208540855,234.6928288,16.64653519,201.2193523,0.009618442
318.129,7.845,218.2,217.954469,0.112525665,233.0917278,6.824806508,218.19589,-0.0018836
250,1.293,230.312,230.3006625,0.00492267,230.3193983,0.003212295,230.3202199,0.003569044
300,3.146,243.815,243.7322369,0.03394504,243.3818023,0.177674753,243.8153724,0.000152752
310,3.078,251.56,251.4891437,0.028166759,250.9170672,0.255578311,251.5687622,0.003483145
353.123,4.413,272.2,270.986761,0.445716018,271.0013923,0.440340816,272.1983782,-0.000595829
350,1.584,282.204,282.1507536,0.018868053,281.5741656,0.22318408,282.2038694,-4.63E-05
323.127,9.316,217.4,217.0962776,0.139706716,243.5034379,12.00710115,217.39656,-0.001582341
313.13,3.432,252.2,250.8338281,0.541701784,250.4490286,0.694278906,252.2007026,0.000278577
323.127,3.923,255.6,254.2746674,0.518518232,254.1312721,0.574619679,255.5999434,-2.22E-05
348.124,4.413,269.1,267.9420815,0.430293014,267.9708141,0.419615719,269.0975926,-0.000894594
323.127,9.807,217.3,217.140968,0.073185458,250.1298315,15.10806788,217.3074636,0.003434676
298.144,2.178,251.894,251.4653104,0.170186507,250.6718049,0.485202149,251.8926435,-0.000538518
343.124,8.826,245.3,244.7265035,0.233793926,253.9404856,3.522415654,245.2997986,-8.21E-05
298.144,4.591,226.161,226.2272681,0.029301294,228.7315599,1.136606179,226.1688034,0.003450382
318.129,4.903,244.1,243.1909494,0.372409095,244.4769791,0.154436338,244.0992144,-0.000321818
343.124,5.394,260.7,259.8964842,0.30821473,260.9312607,0.088707595,260.6995,-0.000191793
350,2.229,279.211,279.1559201,0.019726981,278.5077127,0.251883808,279.2116639,0.000237789
363.123,5.884,272.1,271.4379054,0.243327674,272.6277449,0.193952554,272.0998972,-3.78E-05
330,1.559,273.117,273.0571807,0.021902445,272.37303,0.272399741,273.1172676,9.80E-05
373.074,3.923,285,283.9333943,0.374247614,283.7482051,0.439226281,285.0000861,3.02E-05
330,3.068,264.214,264.1513283,0.023720053,263.4994544,0.27044199,264.2217369,0.00292828
293.138,3.923,230.4,229.1752063,0.531594488,230.4050367,0.002186068,230.3985256,-0.000639938
450,7.283,315.586,315.5612682,0.007836786,317.1430664,0.493388934,315.5861294,4.10E-05
353.123,4.903,269.7,268.872485,0.306827957,269.2510752,0.166453393,269.6999623,-1.40E-05
400,6.359,291.833,291.8347825,0.000610795,293.0667234,0.422749792,291.8334619,0.000158262
298.136,6.374,191.8,192.0233135,0.116430396,213.6617229,11.39818712,191.8419666,0.02188041
343.124,6.374,255.6,255.1266886,0.185176604,257.6561357,0.804434937,255.5996779,-0.000126035
308.132,5.884,223.8,223.2025161,0.266972252,228.9947811,2.32117118,223.7979866,-0.000899665
338.124,3.923,265.4,264.1899153,0.455947513,263.9285886,0.554412735,265.4003335,0.000125675
298.136,2.942,246.1,244.318074,0.724065827,243.8500917,0.914225234,246.0758118,-0.009828613
450,1.963,321.416,321.3876895,0.008808056,321.3272447,0.02761384,321.4143066,-0.000526847
318.129,4.413,248,246.9870843,0.40843375,247.4957204,0.203338548,248.0007009,0.000282632
348.124,7.355,255.4,254.9288247,0.184485239,259.0654652,1.435186061,255.3986222,-0.000539473
348.124,3.923,271.6,270.2382393,0.501384647,269.968457,0.60071539,271.5964372,-0.001311793
358.123,3.432,279.3,277.9644157,0.478189868,277.5327382,0.632746796,279.3010496,0.000375809
318.129,6.865,226.8,226.832077,0.014143298,234.6446439,3.458837698,226.8004554,0.000200806
353.123,3.432,276.6,275.2915997,0.473029754,274.8341059,0.638428814,276.5994467,-0.000200028
450,3.788,318.904,318.8881717,0.004963343,319.0952987,0.059986297,318.9041536,4.82E-05
285,1.013,254.874,254.8105921,0.024878136,254.2029976,0.263268282,254.8704682,-0.001385712
450,14.188,317.053,316.7723281,0.088525231,322.8764351,1.836738684,317.0496114,-0.001068777
353.123,7.355,259.4,259.0153338,0.148290748,262.7430512,1.288762992,259.3998476,-5.87E-05
400,1.729,302.735,302.7204885,0.004793466,302.4184209,0.104573009,302.7338938,-0.000365398
288.141,4.903,206.5,205.9682379,0.257511913,213.6919676,3.482793027,206.5173559,0.008404771
333.124,4.413,259.3,258.1406783,0.447096683,258.2928026,0.388429387,259.2992532,-0.000288025
303.134,5.394,222.8,222.3151286,0.217626302,227.0564552,1.910437702,222.797932,-0.000928206
338.124,6.865,248.8,248.441722,0.144002412,252.4082025,1.450242162,248.8005578,0.000224198
350,5.176,265.648,265.6616378,0.005133786,266.3226236,0.253953954,265.6528149,0.001812499
363.123,3.923,280,278.6759051,0.472891036,278.4454319,0.555202893,280.0000165,5.90E-06
358.123,8.826,258.9,258.5469541,0.136363808,264.9776376,2.347484589,258.9006877,0.000265643
368.124,4.413,280.7,279.6019267,0.391191058,279.6205448,0.384558318,280.700027,9.62E-06
304.77,1.95,257.402,257.3325441,0.026983434,256.5069496,0.347724726,257.4019148,-3.31E-05
373.074,4.903,281.6,280.7002968,0.319496875,281.0082461,0.210139879,281.5996805,-0.000113457
333.124,8.826,234.2,233.498675,0.299455594,246.2968276,5.165169769,234.2000005,2.24E-07
348.124,6.374,259.4,259.040671,0.13852313,261.309174,0.735996145,259.4004059,0.000156463
343.124,7.845,249.1,248.4841103,0.247245965,254.4503606,2.147876596,249.0996923,-0.000123505
300,5.304,219.148,219.114707,0.015192016,224.3030969,2.352335819,219.1502815,0.001041064
313.13,4.903,239.6,238.6261155,0.406462646,240.2618454,0.276229299,239.5996727,-0.000136607
323.127,2.942,262.7,260.8573445,0.701429577,260.1627681,0.965828664,262.6991075,-0.000339733
353.123,7.845,257.8,257.2868508,0.199049341,262.0303184,1.640930334,257.7989898,-0.000391847
328.126,2.942,265.6,263.8198854,0.67022387,263.1287314,0.930447515,265.5923212,-0.002891123
353.123,5.884,265.5,264.750061,0.2824629,266.1444205,0.242719586,265.4992354,-0.000287973
304.77,1.202,263.256,263.1907361,0.02479104,262.5184045,0.280181838,263.2550057,-0.000377694
310,1.787,261.551,261.4779088,0.027945296,260.6711508,0.336396802,261.5512307,8.82E-05
368.124,7.355,270.8,270.1467933,0.2412137,273.0314063,0.824005281,270.7992197,-0.000288135
328.126,4.903,252.4,251.4593698,0.372674406,252.286464,0.044982567,252.3995423,-0.00018132
313.13,7.845,208.1,207.6585274,0.21214445,229.2897734,10.18249563,208.085059,-0.007179701
300,1.017,262.36,262.2949058,0.024811023,261.686175,0.256832215,262.3579367,-0.00078643
350,2.447,278.194,278.1445969,0.017758507,277.4969041,0.250579056,278.1957683,0.000635635
363.123,7.845,265.5,265.1590254,0.128427345,269.0929014,1.353258531,265.5006175,0.000232575
323.127,5.394,244.4,243.9379914,0.189037889,245.8502099,0.593375573,244.4012441,0.000509039
338.124,2.942,271.2,269.4895331,0.630703134,268.8299304,0.873919469,271.199102,-0.00033113
323.127,5.884,241.2,240.3741748,0.342381924,243.4294631,0.924321352,241.1980258,-0.000818492
303.134,4.903,229.1,228.2444628,0.373433959,231.0057463,0.831840375,229.0985569,-0.000629881
333.124,8.336,236.4,235.7797295,0.262381768,245.9657328,4.046418274,236.399914,-3.64E-05
400,8.99,287.866,287.7983843,0.023488602,291.509612,1.265731973,287.8662968,0.000103113
370,2.772,286.495,286.4579786,0.01292218,285.9742166,0.181777483,286.5000739,0.001771017
373.074,8.336,271.6,271.1964053,0.148598932,275.3179119,1.368892452,271.5996884,-0.000114734
338.124,8.826,240.2,239.3848199,0.339375562,250.1143335,4.127532681,240.1989299,-0.0004455
368.124,4.903,278.8,277.8924321,0.325526506,278.2058788,0.213099426,278.7999653,-1.25E-05
330,1.813,271.644,271.5805766,0.023347985,270.8470134,0.29339378,271.6443264,0.000120144
270,1.447,241.616,241.5303798,0.035436478,240.9875393,0.260107236,241.615872,-5.30E-05
313.13,6.374,224.9,224.7330679,0.074225033,231.5587174,2.960745843,224.9005933,0.000263803
353.123,2.942,279.2,277.4665407,0.620866511,276.8896369,0.827493947,279.1947728,-0.001872194
300,5.706,213.03,212.9913935,0.018122565,220.904287,3.696327747,213.0295384,-0.000216675
298.144,4.287,230.388,229.9510606,0.189653715,231.5513575,0.50495577,230.3956672,0.003327931
323.127,8.826,219.7,219.2267224,0.215419936,239.6457858,9.078646245,219.696332,-0.001669531
353.123,6.374,263.2,262.7666389,0.164650874,264.8242344,0.617110334,263.2005012,0.000190432
333.124,7.845,238.9,238.3039404,0.249501716,246.2719159,3.085774759,238.900089,3.72E-05
338.124,7.845,244.2,243.6072869,0.242716257,250.4397214,2.555168468,244.2002006,8.22E-05
330,1.333,274.426,274.3635615,0.0227524,273.7395549,0.250138507,274.4261724,6.28E-05
304.77,3.136,247.426,247.3444745,0.032949448,246.8830553,0.219437205,247.4283799,0.000961876
368.124,6.865,272.1,271.5571433,0.199506321,273.7757987,0.615876038,272.1005324,0.000195648
358.123,5.394,270.8,270.0395669,0.28080986,270.8093781,0.003463109,270.8005677,0.000209653
373.074,7.355,274.1,273.5233224,0.210389493,276.215214,0.771694272,274.1002522,9.20E-05
318.129,3.432,255.8,254.2874888,0.59128663,253.8412188,0.765747146,255.801233,0.000482033
328.126,5.394,248.9,248.2796414,0.249240096,249.8792285,0.393422459,248.9004845,0.000194674
304.77,1.699,259.398,259.3316917,0.025562379,258.530222,0.334535347,259.3980648,2.50E-05
318.129,5.394,239.8,239.2777101,0.217802294,241.6033059,0.752004128,239.8004102,0.000171072
348.124,2.942,276.5,274.8703766,0.589375552,274.2628484,0.80909642,276.4926357,-0.002663387
338.124,5.884,254.2,253.5902638,0.239864752,255.5239046,0.520812195,254.1994366,-0.000221636
300,1.748,256.377,256.3018872,0.029297792,255.4938933,0.344456289,256.3772244,8.75E-05
285,1.947,245.461,245.3878792,0.029789172,244.6857692,0.315826465,245.4608491,-6.15E-05
308.132,8.826,265.3,263.5312574,0.666695288,296.7249206,11.84505111,265.154709,-0.05476479
310,2.709,254.502,254.4317465,0.027604302,253.699266,0.315413631,254.5067468,0.00186515
285,3.058,232.506,232.3921501,0.048966435,232.5930974,0.037460281,232.5066934,0.000298234
328.126,7.845,232.9,232.4437264,0.195909661,241.9520663,3.886675097,232.900028,1.20E-05
300,2.272,251.857,251.783641,0.029127243,250.994839,0.342321635,251.8573047,0.000120996
298.136,3.923,235.6,234.1277641,0.624887903,234.9074701,0.293943081,235.5929688,-0.002984389
310,2.363,257.194,257.1244581,0.027038695,256.3140365,0.34213998,257.1951436,0.000444646
400,12.432,286.822,286.6158339,0.071879458,294.6558583,2.731261305,286.8224819,0.000168
333.124,6.865,244.2,243.7534218,0.182873956,248.3112091,1.68354181,244.199974,-1.06E-05
308.132,8.336,217.7,217.6942588,0.002637207,272.424214,25.13744327,217.7195643,0.008986811
373.074,4.413,283.3,282.2973647,0.353912919,282.3277088,0.343201977,283.2999884,-4.09E-06
358.123,8.336,260.4,259.861884,0.20664977,265.1762182,1.834185177,260.3992422,-0.000291001
318.129,8.826,210,209.7832177,0.103229667,238.9459217,13.78377224,209.9943011,-0.002713752
363.123,5.394,274,273.1807121,0.299010182,273.8988684,0.036909343,273.9997455,-9.29E-05
368.124,2.942,286.6,284.9360876,0.580569574,284.4607924,0.746408793,286.5947085,-0.001846315
363.123,6.374,270.3,269.7531113,0.202326563,271.4978888,0.443170107,270.3001216,4.50E-05
350,9.271,250.173,250.1786344,0.002252201,259.2589021,3.631847601,250.1749551,0.000781517
368.124,6.374,273.6,273.0494475,0.201225329,274.6782986,0.394114985,273.6001274,4.66E-05
373.074,7.845,272.6,272.3114257,0.105859978,275.6840478,1.131345488,272.6008635,0.00031676
304.77,1.479,261.121,261.0555885,0.025050264,260.2986811,0.314918716,261.1212501,9.58E-05
318.129,2.942,259.8,257.797617,0.770740185,257.1111587,1.034965858,259.7986129,-0.00053392
348.124,5.884,261.9,261.2015564,0.266683314,262.7369973,0.319586598,261.8995297,-0.00017959
300,1.086,261.777,261.7430084,0.012984945,261.1058396,0.256386314,261.7782702,0.000485222
348.124,8.826,250,249.6478213,0.14087148,257.708659,3.0834636,249.9988604,-0.000455822
343.124,3.923,268.6,267.2620986,0.498101787,266.9918203,0.59872662,268.5998879,-4.17E-05
300,2.893,246.164,246.1381441,0.010503526,245.5989672,0.229535107,246.183263,0.007825263
300,1.237,260.596,260.5256637,0.026990552,259.8328198,0.292859522,260.5964871,0.000186921
350,2.827,276.429,276.3837356,0.016374693,275.7690533,0.238740038,276.429537,0.000194247
333.124,7.355,241.7,240.978557,0.298486967,247.0874484,2.228981547,241.69892,-0.000446816
300,4.836,225.367,225.3494046,0.007807443,228.4036411,1.347420474,225.3697827,0.001234763
363.123,8.336,264.2,263.8281349,0.140751363,268.6707504,1.692184103,264.1996968,-0.000114762
348.124,8.336,251.6,251.2491852,0.139433545,257.8448651,2.482060851,251.5994371,-0.00022371
333.124,6.374,246.9,246.5964512,0.122944026,249.8668495,1.201640138,246.9010702,0.000433458
300,1.526,258.228,258.157435,0.027326626,257.3847866,0.32653833,258.2283617,0.000140064
330,2.103,269.943,269.8836888,0.02197175,269.118745,0.305344091,269.9436591,0.000244157
298.144,2.536,248.352,248.1900905,0.065193556,247.4945719,0.345247109,248.3526221,0.000250486
308.132,3.923,244.3,242.9193741,0.565135448,243.1525239,0.469699591,244.2992528,-0.000305838
310,1.549,263.303,263.2334868,0.026400459,262.4708501,0.316042696,263.30342,0.000159501
318.129,3.923,252.1,250.6812479,0.562773542,250.6246099,0.585240024,252.0994363,-0.000223609
333.124,2.942,268.4,266.6938751,0.635665015,266.0151121,0.88855734,268.3953141,-0.001745883
348.124,9.807,247.6,247.1313646,0.189271163,258.5937306,4.440117367,247.6003355,0.000135503
273.15,2.248,232.727,233.2068001,0.206164347,233.0395151,0.134283989,232.7255722,-0.000613503
298.136,5.394,215.7,214.8719578,0.383886045,221.3136548,2.602528883,215.6933464,-0.003084661
373.074,9.316,270,269.3224071,0.250960333,275.1262654,1.898616815,269.9991423,-0.000317673
338.124,4.903,259.7,258.8748228,0.317742472,259.4431394,0.098906662,259.699876,-4.77E-05
400,10.158,286.895,286.7776075,0.04091828,291.8817018,1.738162673,286.8953511,0.000122381
370,1.714,290.415,290.3650229,0.017208856,289.8898133,0.180840074,290.4151564,5.39E-05
363.123,8.826,262.9,262.6301682,0.102636668,268.4668246,2.117468467,262.9007145,0.000271762
323.127,4.413,251.9,250.8939379,0.39938948,251.2445672,0.260195633,251.9002625,0.000104224
350,7.984,254.135,254.1548125,0.007796053,259.5611958,2.135162728,254.1376556,0.001044963
298.136,5.884,206.3,205.9543727,0.167536258,217.0166592,5.194696655,206.2940264,-0.002895605
353.123,3.923,274.4,273.1270625,0.463898506,272.8650888,0.559369971,274.3983785,-0.000590908
450,5.61,316.903,316.8931853,0.003097068,317.6836348,0.246332411,316.9031262,3.98E-05
250,1.06,234.183,234.1291049,0.023014096,233.9723033,0.089970963,234.1612179,-0.009301326
363.123,9.807,261.3,260.7104711,0.225613816,268.7798296,2.862544814,261.3000283,1.08E-05
343.124,9.316,243.7,243.1873789,0.210349241,254.3371941,4.364872425,243.7001798,7.38E-05
313.13,6.865,219.7,219.5299564,0.077398088,229.5113602,4.465798908,219.6961209,-0.001765647
358.123,3.923,277.2,275.9375699,0.455422114,275.6891161,0.545051912,277.2010361,0.000373788
250,1.292,230.374,230.3176551,0.024458012,230.3354052,0.016753106,230.344823,-0.012665052
318.129,9.807,218,217.9126407,0.040073073,262.4159873,20.3743061,218.0262278,0.012031113
328.126,9.807,223.2,223.5920146,0.175633781,248.1266843,11.16786931,223.2067085,0.003005607
370,1.229,292.239,292.1858864,0.018174713,291.7914655,0.153139896,292.2373332,-0.000570349
363.123,4.903,275.9,274.9760683,0.334879195,275.3019614,0.216759188,275.9006924,0.000250971
250,1.178,232.284,232.2221018,0.026647638,232.1410957,0.06152137,231.1719498,-0.47874595
358.123,7.355,263.4,262.8960528,0.191323918,266.2890214,1.096819058,263.3998322,-6.37E-05
300,1.991,254.302,254.2319137,0.027560263,253.4137516,0.349288798,254.302523,0.00020566
288.141,4.413,216.8,215.840305,0.442663745,219.8089606,1.387896956,216.7966826,-0.001530178
363.123,9.316,262.1,261.5834682,0.197074323,268.4972049,2.440749676,262.0995173,-0.000184176
350,7.122,257.385,257.4000925,0.005863784,260.9005385,1.365867669,257.3872209,0.000862865
368.124,5.884,275.2,274.6068138,0.215547311,275.7234502,0.190207195,275.2000131,4.77E-06
373.074,5.884,278.2,277.6434884,0.200040115,278.7021016,0.180482243,278.2002215,7.96E-05
323.127,7.355,229.7,229.4327943,0.116328124,238.1462492,3.67707845,229.6993111,-0.000299926
270,1.077,246.097,246.0148213,0.033392809,245.470997,0.254372463,246.0919459,-0.002053713
353.123,6.865,261.3,260.8470543,0.173343169,263.6815937,0.911440375,261.2992245,-0.000296771
343.124,2.942,273.8,272.2129708,0.579630825,271.5775493,0.81170588,273.7994003,-0.000219023
323.127,6.374,237.2,236.7589429,0.185943128,241.2712381,1.716373567,237.1994683,-0.000224143
288.141,3.923,224.8,223.6913291,0.493181005,225.5758877,0.345145774,224.7977591,-0.000996833
313.13,7.355,213.9,213.9029394,0.001374194,228.4410699,6.798069144,213.8896981,-0.004816211
304.77,2.235,255.087,255.0180102,0.027045596,254.2028978,0.346588497,255.0869758,-9.48E-06
303.134,4.413,234.8,233.6513359,0.489209583,235.0519294,0.107295315,234.7980341,-0.000837278
310,2.056,259.537,259.4639084,0.028162304,258.6362301,0.34706801,259.5373581,0.000137958
323.127,7.845,226.2,225.8055564,0.174378249,237.5120461,5.000904553,226.1993441,-0.000289958
310,1.018,267.131,267.0675702,0.023744829,266.4808331,0.243388787,267.129037,-0.000734829
298.144,1.798,255.095,254.8217139,0.107131108,254.0123174,0.424423293,255.0949761,-9.36E-06
300,2.894,246.209,246.1287644,0.032588411,245.5902243,0.251321316,246.191219,-0.007221901
308.132,6.865,210.7,210.3824265,0.150723066,224.0610891,6.341285762,210.6851214,-0.007061497
313.13,4.413,244.1,242.8452334,0.514037935,243.5673215,0.218221426,244.1000153,6.28E-06
353.123,9.807,252.4,251.9369787,0.183447425,262.0003333,3.803618582,252.4003645,0.00014443
313.13,5.394,234.8,234.216168,0.248650767,237.0961135,0.977901831,234.800823,0.000350492
338.124,9.807,236.9,236.3543022,0.23034943,252.1254669,6.426959434,236.9009419,0.00039761
273.15,1.407,244.221,243.982062,0.097836795,243.3814026,0.343785915,244.2113691,-0.003943532
350,2.848,276.295,276.2865196,0.003069328,275.6748945,0.224436019,276.2995583,0.001649793
273.15,2.655,226.991,227.2142487,0.098351344,227.6555899,0.292782489,226.9850099,-0.002638893
450,9.04,314.832,314.7554927,0.024300992,317.380988,0.809634345,314.83223,7.31E-05
348.124,5.394,264.3,263.4124455,0.33581328,264.3361118,0.013663186,264.2973906,-0.000987292
363.123,7.355,267.2,266.5987955,0.225001684,269.7147405,0.941145397,267.1993579,-0.000240323
313.13,2.942,256.6,254.6282576,0.768410912,253.9642794,1.027170928,256.5943324,-0.002208728
353.123,8.826,254.7,254.2338358,0.183024814,261.3906274,2.626865881,254.6991079,-0.000350251
273.15,1.828,237.581,238.810124,0.517349451,238.3181464,0.310271613,237.5884294,0.003127087
308.132,5.394,229.2,228.6319011,0.247861649,232.274529,1.341417539,229.2005312,0.00023175
285,2.842,235.226,235.1240348,0.043347759,235.0245483,0.085641766,235.2255561,-0.000188708
330,2.779,265.942,265.8819495,0.022580299,265.1583011,0.294687902,265.9461096,0.001545286
285,2.221,242.477,242.3994045,0.032001179,241.7917213,0.282615959,242.4767009,-0.000123334
368.124,9.316,266,265.56162,0.164804511,271.8687908,2.206312331,266.0000108,4.07E-06
328.126,5.884,245.7,245.08467,0.25043956,247.6641802,0.799422141,245.6998472,-6.22E-05
285,1.5,250.092,250.0300988,0.024751371,249.3030843,0.315450194,250.0921562,6.25E-05
350,1.483,282.641,282.6198761,0.007473756,282.0638437,0.204201195,282.6417413,0.000262278
270,2.08,233.186,233.0781797,0.046237896,232.894534,0.124992924,233.1852053,-0.000340813
308.132,3.432,248.4,247.2203242,0.474909742,246.925316,0.593673108,248.3990757,-0.000372118
273.15,1.193,245.348,246.4724983,0.458327885,245.8805063,0.217041223,245.3625232,0.005919419
303.134,6.865,197.3,196.4574717,0.427029042,218.6439729,10.81802985,197.3186692,0.009462334
368.124,9.807,265.2,264.7618528,0.165213876,272.0985092,2.601247813,265.2005358,0.00020204
350,8.721,251.703,251.7189556,0.006339058,259.1066996,2.941442732,251.7049544,0.00077649
328.126,4.413,255.8,254.6028854,0.467988507,254.8380023,0.376074159,255.7997263,-0.000106998
373.074,5.394,279.8,279.1447217,0.234195247,279.7952816,0.001686347,279.8002536,9.06E-05
350,3.134,275.009,274.96379,0.016439462,274.4071681,0.218840802,275.0154827,0.002357268
373.074,8.826,270.6,270.1960077,0.149295011,275.1288111,1.673618293,270.6005449,0.000201383
313.13,8.826,199.4,198.6432315,0.379522818,250.986709,25.8709674,199.5010101,0.050656998
304.77,2.553,252.452,252.3750825,0.030468168,251.6246546,0.327723845,252.4525086,0.000201452
348.124,9.316,248.6,248.2582849,0.137455792,257.9430003,3.758246299,248.599173,-0.000332652
370,2.383,287.927,287.8831686,0.015223095,287.374412,0.19191948,287.9277119,0.000247234
298.136,4.413,229.4,228.4270625,0.424122711,230.3756515,0.425305798,229.3890516,-0.004772612
358.123,6.374,266.8,266.331094,0.175751874,268.2167682,0.531022564,266.8004516,0.000169279
333.124,3.923,262.2,261.0104971,0.453662433,260.7704777,0.545203013,262.2008013,0.000305596
293.138,4.903,215.7,214.9587796,0.343634863,220.1308821,2.054187344,215.6943466,-0.002620975
368.124,8.826,266.9,266.5172676,0.143399176,271.8606435,1.858615024,266.9000575,2.15E-05
373.074,6.374,276.8,276.2008084,0.216470954,277.7349566,0.337773338,276.8006318,0.000228239
308.132,7.845,188,187.9641236,0.019083191,232.0330245,23.42182154,188.0837638,0.044555204
298.136,4.903,222.7,222.1193771,0.260719758,225.8279768,1.404569735,222.6952352,-0.002139539
323.127,6.865,233.1,233.0983001,0.000729258,239.4635404,2.729961562,233.1010703,0.000459179
293.138,4.413,223.6,222.5849403,0.453962299,225.3309568,0.774130948,223.5965488,-0.001543464
400,13.215,287.46,287.225954,0.081418632,296.2539686,3.059197314,287.458595,-0.000488772
250,1.369,228.999,228.9938492,0.002249267,229.0939679,0.04147088,229.0140199,0.006558921
350,1.348,283.305,283.2469308,0.020497061,282.7221132,0.205745327,283.3048339,-5.86E-05
318.129,8.336,214.1,213.5231937,0.269409762,234.5324694,9.543423354,214.0878546,-0.005672771
308.132,6.374,217.6,217.2306956,0.169717096,226.1248986,3.917692371,217.5965383,-0.001590866
368.124,7.845,269.2,268.8275365,0.138359398,272.4554942,1.209321768,269.2004824,0.000179189
328.126,3.923,259.1,257.7115733,0.535865187,257.5091461,0.613992242,259.0998158,-7.11E-05
250,1.179,228.999,232.2056697,1.40029856,232.1254167,1.365253429,230.1411241,0.498746329
285,1.707,247.983,247.9135771,0.027995024,247.1800725,0.323783284,247.9829411,-2.37E-05
363.123,3.432,281.9,280.5756385,0.469798333,280.1724164,0.612835615,281.9011189,0.000396905
285,2.56,238.616,238.5239693,0.038568537,238.1360012,0.20115952,238.6155209,-0.000200797
298.144,2.833,245.418,245.3790716,0.01586208,244.8364082,0.236980091,245.4355268,0.007141617
300,6.1,205.863,205.7874526,0.036697901,217.8532371,5.82437694,205.8518283,-0.005426753
318.129,9.316,208.8,208.963959,0.078524425,248.1927341,18.86625196,208.8281939,0.013502844
318.129,7.355,222.6,222.4379038,0.072819497,233.3583134,4.833024888,222.5985112,-0.000668828
358.123,6.865,265.1,264.5703458,0.199794115,267.1598015,0.776990381,265.0998113,-7.12E-05
328.126,6.374,242.4,241.8801784,0.214447855,245.685985,1.355604373,242.3993281,-0.000277203
298.144,3.55,238.487,238.1728519,0.131725461,238.3375869,0.062650417,238.4889272,0.00080811
308.132,4.903,234.7,233.6827761,0.433414529,235.7902212,0.464516915,234.699748,-0.000107368
368.124,5.394,276.9,276.2227425,0.24458559,276.9018471,0.000667064,276.9002823,0.00010194
323.127,8.336,222.8,222.3169605,0.216804084,237.8613901,6.760049417,222.7983472,-0.000741816
328.126,8.336,230,229.5184765,0.209358043,241.8552531,5.15445787,230.0004083,0.000177503
400,11.298,286.524,286.3634736,0.056025464,292.9270046,2.234718418,286.5244668,0.000162934
270,1.287,243.582,243.5046641,0.031749431,242.9460645,0.261076557,243.5819823,-7.28E-06
333.124,5.884,250.2,249.4692986,0.292046922,251.6851768,0.593595843,250.1987334,-0.000506218
368.124,3.432,284.4,283.1303873,0.446417968,282.7575744,0.577505485,284.4007115,0.000250179
298.144,1.019,261.528,261.372243,0.059556529,260.7599866,0.293663929,261.5274039,-0.000227946
338.124,6.374,251.4,250.9930006,0.161893158,253.84891,0.97410899,251.4001456,5.79E-05
303.134,6.374,207.7,207.6695188,0.01467559,220.1721049,6.004865142,207.6898673,-0.004878532
328.126,8.826,227.8,226.8858035,0.401315408,242.6545122,6.52085698,227.7980068,-0.000874971
308.132,4.413,239.8,238.4228564,0.574288407,239.4321769,0.153387448,239.7993335,-0.000277953
304.77,2.881,249.657,249.5762349,0.032350425,248.9587712,0.279675234,249.6582696,0.000508538
330,2.423,268.057,267.9974764,0.022205576,267.2311193,0.308098912,268.0586472,0.000614513
333.124,9.807,230.4,230.220025,0.078114149,249.5041212,8.291719271,230.4028015,0.001215931
373.074,9.807,269.2,268.5902443,0.226506575,275.3210344,2.273786924,269.2001132,4.20E-05
450,12.169,315.31,315.1125359,0.062625385,319.879046,1.44906473,315.3103326,0.000105476
273.15,2.048,235.373,235.9380875,0.2400817,235.5844792,0.089848538,235.3696248,-0.001433964
273.15,1.593,241.431,241.7449526,0.13003823,241.1697995,0.108188468,241.4301883,-0.00033622
328.126,6.865,238.9,238.678095,0.092886145,244.0074846,2.137917371,238.9010507,0.000439816
363.123,2.942,284.2,282.4955979,0.599719247,281.9853426,0.779260169,284.1988968,-0.000388162
313.13,9.807,257.8,258.7396157,0.36447467,292.4149864,13.42706998,257.7289064,-0.027577033
353.123,9.316,253.4,252.9731193,0.168461208,261.5234607,3.205785596,253.3993713,-0.000248124
353.123,8.336,256.2,255.6816121,0.202337198,261.5693005,2.095745706,256.1990856,-0.000356916
353.123,5.394,267.6,266.7876553,0.303566779,267.6247016,0.009230792,267.5989368,-0.000397326
373.074,6.865,275.8,274.8223753,0.354468709,276.9016078,0.399422698,275.7981735,-0.000662268
338.124,5.394,256.8,256.2203716,0.225711994,257.3976855,0.232743575,256.8005972,0.000232553
358.123,4.413,275.5,273.9397083,0.566349074,273.9490986,0.562940617,275.4985219,-0.000536521
,,,,0.218559018,,1.953701846,,0.498746329
,,,,,,,,-0.47874595
