305.35,7.5,33.1,24.78917863,25.10822166,24.83556814,24.96807208,30.62028255,-7.491593498
370.68,1.3,18.64,18.49058258,0.801595601,18.49148204,0.796770172,18.63922984,-0.004131778
300.01,10.2,73,72.47137574,0.724142822,65.5053421,10.26665466,73.00473747,0.006489688
304.27,1,15.37,15.31526086,0.356142746,15.31594166,0.351713338,15.36557383,-0.028797483
323.15,10.5,32.92,31.72617624,3.626439125,30.13088873,8.472391464,32.66554668,-0.772944486
304.77,2.2,15.58,15.5573021,0.145686136,15.5621608,0.114500642,15.57994977,-0.000322378
473.42,15,26.32,26.56652674,0.936651748,26.55291832,0.884948024,26.31983659,-0.000620862
300.01,11.5,77.7,76.31926416,1.777008803,70.54451701,9.209115817,77.7442478,0.056946976
300,7.5,63.3,60.74540738,4.035691343,51.08443206,19.29789564,63.22620357,-0.116582033
432.28,5,22.16,21.94491451,0.970602392,21.95260915,0.935879287,22.15950689,-0.002225207
293.15,9.8,82.4,81.98996936,0.49761,76.40885035,7.270812682,82.10727329,-0.355250863
370,2.8,18.81,18.74458261,0.347779851,18.74960913,0.321057257,18.8100442,0.000234995
323.15,9.6,25.91,25.3396206,2.201387109,25.27765555,2.440542069,26.01748277,0.41483121
273.15,2.8,14.34,14.19615741,1.003086402,14.20365934,0.950771688,14.34006762,0.000471548
296.74,3.7,15.53,15.66031897,0.8391434,15.68354037,0.988669478,15.51979605,-0.065704761
303.05,3.1,15.79,15.71885045,0.450598797,15.7317166,0.369115896,15.79002413,0.000152832
300,1.2,15.23,15.1373401,0.608403808,15.13838135,0.601566973,15.22975614,-0.001601151
300.01,6.8,54.2,54.4378708,0.438876015,43.89285692,19.01686915,54.18050582,-0.035967119
313.15,11.3,55.36,55.76894566,0.738702421,48.71211571,12.00846151,55.35324644,-0.01219935
250,1.4,12.63,12.6601995,0.239109264,12.66030666,0.23995772,12.69099954,0.482973375
273.15,3.3,14.65,14.439748,1.435167235,14.44883549,1.373136587,14.68857521,0.263311982
304.77,1,15.46,15.33947463,0.77959489,15.3401561,0.775186934,15.45569548,-0.02784298
260,2.4,125,13.4086759,89.27305928,13.40916956,89.27266435,124.9623428,-0.03012579
313.15,8.2,24.46,23.02290478,5.875287081,23.24764056,4.956498119,24.47169321,0.04780543
313.15,8.7,31.05,28.28003965,8.920967311,27.59082312,11.14066628,31.04329268,-0.021601678
307.75,8.4,48.4,45.64273397,5.69683064,38.11487866,21.2502507,48.392151,-0.016216951
270,2.5,14.02,13.93473184,0.608189444,13.93967817,0.572908916,14.05369018,0.240300889
348.15,14.8,33.87,33.57966397,0.857207056,32.11940997,5.168556333,33.87248062,0.007323938
298.15,11.1,76.06,77.93623159,2.46677832,72.23792775,5.02507527,76.07028281,0.013519337
270,1.3,13.7,13.66717872,0.239571387,13.66808376,0.232965255,13.70084553,0.006171739
370,2.4,18.74,18.66107933,0.421134845,18.66460725,0.402309232,18.74018992,0.001013423
285,3.1,14.81,14.87246815,0.421797097,14.88574357,0.511435314,14.86453261,0.368214787
350,1.3,17.64,17.535723,0.591139456,17.53678138,0.585139569,17.64029253,0.001658314
300,16.7,91.1,88.07522454,3.320280417,86.81047325,4.708591383,90.93334282,-0.182938732
300,7.5,63.3,60.74540738,4.035691343,51.08443206,19.29789564,63.22620357,-0.116582033
411.89,1,20.14,20.29536337,0.771416931,20.29571312,0.773153525,20.13941345,-0.002912353
308.15,10.3,59.2,59.48154826,0.475588277,51.72852994,12.62072645,59.19483303,-0.008727992
323.15,5.3,17.67,17.54465825,0.709347765,17.59627403,0.417238087,17.67113578,0.006427707
370,1,18.58,18.41092198,0.910000108,18.41143697,0.907228364,18.5774665,-0.013635647
303.05,4.8,16.78,16.53424212,1.464588081,16.58701043,1.150116627,16.77950488,-0.002950652
298.15,6,18.94,18.02194063,4.847198363,18.14630132,4.190594931,18.95316054,0.069485441
372.27,5,19.47,19.42066165,0.253407036,19.43984522,0.154878172,19.47038553,0.001980142
375.94,5.9,19.94,19.87266993,0.33766334,19.89936654,0.203778636,19.94058112,0.002914356
310,1.8,15.77,15.726944,0.273024731,15.72977387,0.255080089,15.76992533,-0.000473522
260.04,12.8,145.1,145.0849773,0.010353343,162.6947963,12.12597953,145.0794648,-0.014152471
303.05,10.8,69.4,69.71826792,0.458599308,62.74291909,9.592335605,69.40304812,0.004392101
353.18,7.4,19.98,19.7514326,1.143980981,19.82189943,0.791294144,19.98127506,0.006381698
474.5,3,23.29,23.30332207,0.057200816,23.30480856,0.06358334,23.29044836,0.001925113
305.35,5.8,17.83,17.48983192,1.907841167,17.59335413,1.327234268,17.82168463,-0.046636954
452.52,3,22.46,22.38673485,0.326202805,22.388785,0.3170748,22.45904409,-0.00425607
392.3,7.4,21.07,21.06198088,0.038059421,21.09449522,0.116256383,21.07036787,0.001745948
220.01,15,274,267.89894,2.226664234,341.8116494,24.74877715,274.0044879,0.001637907
323.15,12.4,45.64,45.82825096,0.412469238,40.70139957,10.8207722,45.63819623,-0.003952167
372.21,1,18.36,18.51202943,0.828047004,18.51253533,0.830802451,18.35969695,-0.001650576
332.69,3,17.2,17.07849717,0.706411802,17.08744603,0.654383547,17.20034523,0.002007128
230.01,10.6,215.8,221.7067724,2.737151251,272.9661749,26.49034981,215.8051276,0.002376069
370,1.4,18.62,18.4762189,0.772186359,18.47728162,0.766478947,18.61967461,-0.001747532
373.07,9.8,22,21.77377129,1.028312318,21.84743658,0.693470091,22.14871975,0.675998847
323.15,4.4,17.21,17.107526,0.595432888,17.1366651,0.426117955,17.21015596,0.000906241
260,2.5,125.7,125.2475926,0.359910422,128.8832485,2.532417263,125.2489546,-0.358826929
304.25,6.4,19.08,18.44588983,3.323428564,18.6054328,2.487249476,19.09547442,0.081102808
323.15,13.3,50.11,50.31137125,0.401858411,44.75702251,10.68245358,50.10280047,-0.014367442
240,2.5,175.1,174.9241759,0.100413535,199.8621479,14.14171782,174.8477508,-0.144060097
307.75,7.9,34.7,27.48161617,20.80225888,27.06871627,21.99217213,33.21150736,-4.289604137
298.15,6.6,61.3,58.97945192,3.785559674,48.38059968,21.07569383,60.68583769,-1.001896101
427.36,6.8,22.3,22.20764262,0.414158655,22.22260563,0.347059955,22.30022901,0.001026929
260.04,6,131,132.4559155,1.111385878,141.1136138,7.720315878,131.0004628,0.000353264
304.13,7.4,48.62,41.15738333,15.34886193,33.17876449,31.75901997,44.24277743,-9.002925888
411.59,8.5,22.18,22.17623671,0.016967042,22.20491791,0.112344049,22.17984918,-0.000679998
348.15,1.2,17.43,17.43294826,0.016914859,17.4338458,0.022064257,17.42820935,-0.010273386
270,1.4,13.71,13.68187632,0.205132604,13.68297847,0.197093581,13.70996941,-0.000223158
313.15,10.3,49.8,49.97298401,0.34735745,43.00512494,13.64432743,49.78702219,-0.026059853
313.15,7.9,22.33,21.48548189,3.781988849,21.74477317,2.620809807,22.34309174,0.058628485
303.05,7.3,49.8,47.82456302,3.966740924,38.35449781,22.98293612,48.9160574,-1.774985145
305.35,6.8,20.07,19.3243823,3.7150857,19.5258752,2.711135027,20.07590928,0.029443369
348.15,9.7,22.25,21.71234219,2.416439596,21.83710678,1.855699865,22.2513699,0.006156864
475.22,1.2,23.17,23.04841117,0.524768364,23.04864965,0.523739102,23.16847679,-0.006574061
313.15,4.1,16.69,16.55133363,0.830835051,16.5784529,0.668346914,16.69022636,0.001356244
411.23,7.4,21.55,21.76913158,1.016851879,21.79221638,1.123973921,21.5515912,0.007383747
330,2.1,16.78,16.74366388,0.216544219,16.74738631,0.194360489,16.78037483,0.002233778
308.15,12.4,67,67.43452968,0.648551761,61.02287732,8.921078627,67.0002548,0.000380292
432.66,3,21.76,21.54372862,0.99389421,21.54642153,0.981518704,21.75914917,-0.003910085
370.6,3.6,19.14,18.95691204,0.956572414,18.96589541,0.909637356,19.13933206,-0.003489751
304.25,7.4,35.2,36.20473883,2.854371676,30.17778219,14.26766423,35.18370487,-0.046292982
393.02,3,20.02,19.81783368,1.009821778,19.82230771,0.987473976,20.01942845,-0.002854882
300.01,8,63.2,63.66524078,0.736140475,54.54478123,13.69496641,63.73792789,0.851151727
220.01,17.5,279.3,272.66543,2.375427855,349.9122278,25.28185743,279.2867317,-0.004750572
304.77,3.1,15.88,15.7997095,0.505607683,15.81241871,0.425574874,15.88175654,0.011061305
323.15,7.6,20.17,19.64041752,2.625594844,19.80794102,1.795037085,20.17300679,0.01490725
370.69,5.7,19.74,19.58902035,0.764841185,19.61591587,0.628592351,19.74086426,0.004378223
240,1.3,172.4,172.5230371,0.071367227,195.5608822,13.43438643,172.3761125,-0.013855858
393.69,1,19.4,19.48489526,0.437604433,19.48531396,0.43976268,19.39915057,-0.004378518
260,10.9,141.4,141.7928849,0.277853536,157.0247915,11.05006471,141.3908028,-0.006504388
300.01,7.4,59.5,60.0359736,0.900795966,50.26066136,15.52830024,59.62605972,0.211865071
307.75,7.9,31.4,27.48161617,12.47892939,27.06871627,13.79389723,33.21150736,5.769131734
350,2.4,17.78,17.74286008,0.208885939,17.74718556,0.184558155,17.78056639,0.00318556
373.09,15,27.92,27.52301185,1.421877328,27.27961945,2.293626612,27.91739771,-0.009320509
285,1,14.46,14.37374101,0.596535201,14.37434561,0.592354011,14.45762387,-0.016432411
348.15,13.8,30.87,30.39275614,1.545979462,29.55494448,4.259979009,30.86877273,-0.003975597
353.04,11,23.4,23.23451692,0.70719265,23.3172981,0.353426923,23.40394494,0.016858723
307.38,7.4,22.16,21.23345946,4.181139621,21.4931645,3.009185469,22.2339381,0.333655698
280.02,13.8,112.4,110.6424512,1.563655516,115.0047695,2.317410587,112.3913687,-0.007679079
304.25,5.8,17.84,17.48838535,1.970934137,17.59429815,1.377252522,17.82860398,-0.063879022
308.15,15.1,75.2,74.72258744,0.634857128,70.23497728,6.60242383,75.19607071,-0.005225114
305.35,6.7,19.96,19.04554443,4.581440731,19.2349325,3.632602705,19.94439528,-0.078179942
323.15,11.7,41.95,41.45900454,1.170430179,37.12515703,11.50141352,41.94202135,-0.019019417
310,2.1,15.81,15.78808831,0.138593865,15.79229354,0.111995319,15.80971354,-0.001811886
308.15,17.9,80.8,80.76194382,0.047099233,78.31229102,3.078847748,80.80706684,0.008746085
525,5,26.26,25.66888728,2.251000457,25.67030298,2.245609368,26.25980214,-0.000753478
307.75,8.1,45.4,38.0585031,16.17069802,32.82395122,27.70054797,45.31050599,-0.197123366
474.61,1,22.71,22.99366531,1.249076662,22.99383227,1.249811845,22.711527,0.0067239
303.05,13.8,76.56,78.03968572,1.932713845,73.55713704,3.922234796,76.62754959,0.088230923
285,1.2,14.49,14.40110392,0.613499517,14.40205712,0.606921187,14.4898319,-0.001160118
300,11.6,79.1,76.6065303,3.152300506,70.92420794,10.3360203,79.07398639,-0.032886994
295.03,2.8,15.09,15.24377127,1.019027634,15.25366283,1.084578065,15.09104029,0.006893875
304.13,7.4,43.28,41.15738333,4.904382324,33.17876449,23.33926874,44.24277743,2.224531962
260,3.4,127.8,127.1952713,0.473183646,132.171098,3.420264476,127.7912741,-0.00682777
411.62,11,23.48,23.27748341,0.862506772,23.31153981,0.717462479,23.48005447,0.000231985
350,3.1,17.92,17.90250542,0.097626004,17.91054913,0.05273923,17.92026625,0.001485784
240,7.5,182.2,184.5650432,1.298047859,217.051449,19.12812788,182.198323,-0.000920421
370,1.7,18.65,18.52830856,0.652501019,18.52993565,0.643776676,18.65009952,0.000533619
220.01,7.4,257.8,253.0615259,1.838042708,316.2077006,22.65620659,257.8018245,0.000707712
295.08,1.6,14.82,14.96280028,0.963564642,14.96491551,0.977837449,14.81200796,-0.05392738
303.05,8.8,61.3,61.59463426,0.480643165,52.92923598,13.65540623,61.30390345,0.006367777
303.05,9.7,65.6,65.71008275,0.16780907,57.80423977,11.88378084,65.36178398,-0.363134171
260.04,12.7,144.5,144.9097487,0.283563114,162.3939561,12.38336062,144.5162494,0.011245262
525.09,6.3,26.52,25.90306537,2.32629951,25.90489455,2.319402149,26.52002982,0.000112454
313.15,3.3,16.33,16.25507661,0.458808267,16.26925494,0.371984446,16.33119569,0.007322024
305.35,10.6,65.05,65.42095006,0.570253743,57.99283406,10.84883311,65.04301844,-0.01073261
304.67,7.5,34.7,39.95067616,15.13163159,32.73843875,5.652914265,34.73005328,0.086608877
320,20,73,72.47483843,0.719399411,69.33369995,5.022328836,72.99639989,-0.004931657
304.77,1.2,15.46,15.36924869,0.58700718,15.3702981,0.580219276,15.46155761,0.010075088
298.15,5.5,17.54,17.12031291,2.392742816,17.21324549,1.862910547,17.54265889,0.015159005
300,2.9,15.59,15.51161212,0.502808724,15.52237481,0.433772867,15.58841322,-0.010178222
298.15,6.3,20.13,18.98144742,5.705676006,19.10030438,5.115229111,20.71637896,2.912960548
303.05,8.3,58.5,58.68890047,0.322906786,49.6178498,15.18316274,58.50141047,0.002411066
298.15,6.8,60.6,60.63892019,0.064224736,50.35026336,16.91375683,60.62742166,0.045250256
305.35,15.1,76.75,78.1492131,1.823078958,74.20366447,3.317701016,76.75616472,0.008032205
304.25,10.2,65.07,65.67396726,0.928180821,58.04607489,10.79441388,65.07560048,0.008606852
452.71,15,26.12,26.12525184,0.020106585,26.11160086,0.032155972,26.11944879,-0.002110294
323.14,9.8,31.25,26.48857084,15.23657331,26.23439267,16.04994346,31.53603294,0.915305398
305.35,7.2,22.25,21.02446861,5.508006247,21.26490008,4.427415371,22.30338806,0.239946359
303.05,12,73.4,73.37687792,0.031501471,67.40683973,8.165068488,73.39690275,-0.004219682
300,16.7,90.9,88.07522454,3.107563762,86.81047325,4.498929318,90.93334282,0.036680765
310,1.5,15.75,15.67188897,0.495943048,15.67368619,0.484532127,15.74939234,-0.003858147
300,1,15.23,15.10803891,0.800795076,15.10871168,0.796377676,15.22134986,-0.056796689
452.06,7.4,23.12,23.33277289,0.920297967,23.34378283,0.967918815,23.12062353,0.002696945
350,1.1,17.64,17.50305539,0.776329989,17.5037875,0.772179705,17.63688272,-0.017671648
300.01,15.4,85.4,85.47204147,0.084357693,83.1047497,2.687646721,85.41090395,0.012768092
298.15,3.8,15.9,15.76796958,0.83038,15.79305156,0.672631698,15.8949084,-0.032022639
303.05,3.9,16.14,16.02614176,0.705441388,16.05226475,0.54358891,16.14041086,0.002545631
348.15,14.7,33.61,33.25299299,1.062204731,31.85750213,5.21421562,33.60778241,-0.006597995
308.15,8.6,47.4,47.07550716,0.684584051,39.40626703,16.86441555,47.41900541,0.040095805
250,1.1,12.68,12.62602563,0.425665379,12.62615739,0.424626262,12.68140621,0.011090006
305.09,7.5,34.3,26.21224663,23.57945589,26.04975738,24.05318548,34.1419469,-0.460796199
411.86,15,26.12,25.76465148,1.360446095,25.73505743,1.47374644,26.1186525,-0.005158889
303.05,13.9,78.3,78.27789275,0.028234036,73.87730609,5.648395798,78.23732135,-0.080049363
370,3.1,18.86,18.8111534,0.258995758,18.81752189,0.225228579,18.8611635,0.006169144
313.15,11,53.84,54.24865167,0.759011274,47.15027185,12.42520087,53.83594824,-0.00752555
250,1.3,12.65,12.64737662,0.020738182,12.64751441,0.019648933,12.65286237,0.022627437
304.77,2.9,15.77,15.73836056,0.200630564,15.74882694,0.134261636,15.77246102,0.015605738
230.01,14.4,223.3,228.756765,2.443692342,285.3160078,27.77250685,223.3014463,0.000647715
348.15,10.8,23.94,23.27200433,2.790291019,23.36068187,2.41987523,23.94138874,0.005800924
296.45,2.8,15.11,15.31178996,1.335472932,15.32164156,1.400672138,15.10728625,-0.017959954
411.78,13,24.58,24.40100164,0.728227665,24.41963962,0.652401871,24.58094458,0.003842888
303.05,7.9,55.8,55.7280967,0.128858961,46.3688106,16.90177312,55.70345853,-0.173013394
304.25,3.9,16.22,16.07818971,0.874292787,16.1039884,0.715237978,16.21801321,-0.012249032
304.77,1.7,15.5,15.45442282,0.294046323,15.45690135,0.278055806,15.50087371,0.005636823
305.35,8.6,55.4,55.26407157,0.245358177,46.51316537,16.04121774,55.37535428,-0.044486856
304.25,7.2,25.5,21.78412115,14.57207392,21.98950159,13.76666043,25.6554006,0.609414134
298.44,1,15.11,15.03213629,0.515312442,15.03280501,0.510886764,15.1046674,-0.035291839
300,1.5,15.24,15.18607048,0.353868241,15.1878785,0.342004593,15.24018546,0.001216931
313.15,8.6,28.53,26.77430261,6.153863968,26.48556748,7.165904381,28.59312172,0.221246834
304.25,8.3,55.3,55.75121326,0.815937179,46.73536604,15.48758401,55.27962363,-0.036846955
323.15,8.7,22.54,21.85009971,3.060782121,22.06214494,2.120031322,22.54702047,0.031146738
372.23,3,19.03,18.88915392,0.740126537,18.89490074,0.709927798,19.02945648,-0.002856127
348.15,16.5,39.29,39.10948204,0.45945014,36.62848033,6.774038356,39.28776798,-0.00568089
432.73,1,20.99,21.20802739,1.038720295,21.20830657,1.040050357,20.99018326,0.000873078
332.71,1,16.65,16.67600047,0.156158979,16.67665248,0.160074955,16.64667343,-0.019979376
373.07,8.5,20.69,20.94636748,1.239088835,21.00763558,1.53521305,20.69416321,0.020121867
304.13,7.4,41.33,41.15738333,0.417654658,33.17876449,19.72232158,44.24277743,7.047610532
285,1.7,14.5,14.48362846,0.112907172,14.48599618,0.096578069,14.50117431,0.00809871
285,2.2,14.6,14.59070833,0.063641575,14.59554241,0.030531438,14.60155305,0.010637337
298.15,18.3,92.06,93.33526869,1.38525819,94.021738,2.130934173,92.06853554,0.009271715
220.01,12.6,269.1,263.2728757,2.165412226,333.8920215,24.07730268,269.1037829,0.001405774
305.14,9.8,60.8,62.4888369,2.77769227,54.47919736,10.39605697,60.55964634,-0.395318517
273.15,3.1,14.49,14.33009811,1.103532712,14.339052,1.04173913,14.49200552,0.01384075
452.78,5,22.73,22.78922621,0.260564056,22.79479627,0.28506938,22.73018446,0.000811544
312.4,7.4,20.77,19.99676227,3.722858594,20.22220168,2.637449783,20.77766627,0.036910313
298.15,4.6,16.38,16.23238377,0.901197985,16.28041853,0.607945482,16.37575035,-0.025944153
303.05,5.8,17.87,17.49230419,2.113574762,17.60067879,1.507113654,17.87094056,0.005263355
348.15,15.7,36.76,36.53397816,0.614858107,34.50269861,6.140645783,36.75962544,-0.001018926
260,2.5,124.8,125.2475926,0.358647917,128.8832485,3.271833734,125.2489546,0.359739223
285,2.6,14.73,14.69908397,0.209884793,14.70692349,0.15666334,14.73143387,0.009734342
308.15,13.9,71.5,71.72867654,0.319827329,66.37618064,7.166180923,71.5016931,0.00236797
348.15,17.8,42.81,43.05307823,0.567807125,40.02449344,6.506672647,42.81003558,8.31E-05
524.58,1.4,25.42,25.09768349,1.267964241,25.09783423,1.267371243,25.41988478,-0.000453247
300,8,65.7,63.68640073,3.064839072,54.56729761,16.9447525,65.48676472,-0.32455903
305.14,9.8,60.3,62.4888369,3.62991194,54.47919736,9.653072371,60.55964634,0.430590948
305.84,7.7,34,36.58706205,7.609006029,31.50917483,7.325956382,34.03390135,0.099709854
330,1.8,16.74,16.68434416,0.332472162,16.68690466,0.317176464,16.73969018,-0.001850764
475.19,2.4,23.45,23.23241844,0.927853134,23.23336766,0.923805288,23.44931244,-0.002932031
260,5,130.9,130.5289299,0.283476012,137.8163172,5.283664782,130.8871394,-0.009824735
310,1,15.73,15.5921154,0.876570884,15.5928007,0.87221424,15.72209325,-0.050265435
305.35,3.1,15.92,15.82697139,0.584350565,15.83962582,0.50486294,15.91565226,-0.027309909
334.54,12.7,34.86,33.92754925,2.674844378,32.05928027,8.034193144,34.85549969,-0.012909653
353,13,27.48,26.89483163,2.129433661,26.65600573,2.998523544,27.47938617,-0.002233731
304.13,7.4,46.4,41.15738333,11.29874282,33.17876449,28.49404205,44.24277743,-4.649186567
323.15,11.2,38.48,37.69333048,2.044359459,34.31300832,10.82898046,38.47330792,-0.017391055
303.05,6.4,19.2,18.53925631,3.441373385,18.70196943,2.593909219,19.20839458,0.043721778
308.15,8.8,50.3,49.4459326,1.697947117,41.49593139,17.50311851,50.27014467,-0.059354525
273.15,1.1,13.86,13.79845988,0.44401241,13.79909203,0.439451443,13.85707859,-0.021078022
308.15,11.2,63,63.29876122,0.474224159,56.08233101,10.98042697,62.99725844,-0.004351679
230.01,5,210.4,210.9838996,0.277518821,253.9713727,20.70882733,210.3932357,-0.003214987
354,1,17.55,17.67323623,0.702200741,17.67381561,0.705502051,17.54814536,-0.010567751
423.11,9.8,22.8,23.06965761,1.182708816,23.09624422,1.299316754,22.9003586,0.440169317
323.15,14.6,54.58,55.41521771,1.530263302,49.83095482,8.701072151,54.5882149,0.015051114
353.8,3,18.13,18.05231921,0.428465472,18.05942912,0.3892492,18.1303685,0.002032523
323.15,14.8,55.65,56.10244129,0.813012201,50.54924572,9.165775885,55.63834579,-0.020941984
270,1.8,13.78,13.75219103,0.201806749,13.75435252,0.186121045,13.77975913,-0.001747939
348.15,9,21.43,20.93625908,2.303970695,21.0546079,1.751713019,21.43064587,0.003013868
348.15,11.7,25.66,24.93661802,2.819103585,24.9099989,2.922841387,25.66155723,0.006068703
280.02,4.2,88.8,88.8379416,0.042727027,81.57090947,8.140867714,88.8758911,0.085462954
304.13,7.4,42.29,41.15738333,2.678213928,33.17876449,21.54465715,44.24277743,4.617586742
300,1.7,15.27,15.22202992,0.314145907,15.2245177,0.297853962,15.26930035,-0.004581834
300.01,16.8,88.3,88.25556543,0.050322276,87.07179939,1.390940668,88.42387762,0.140291752
303.05,17.8,86.8,86.47610021,0.37315644,85.22453173,1.815055611,86.80081875,0.000943257
304.13,7.4,40.41,41.15738333,1.84950094,33.17876449,17.89466842,44.24277743,9.48472515
230.01,2.5,204.9,206.0445619,0.558595364,245.1354486,19.63662694,204.9048354,0.002359887
330,2.8,16.9,16.90220687,0.013058402,16.90989354,0.058541657,16.90256469,0.015175674
330,1.1,16.69,16.56325842,0.759386339,16.56407469,0.754495566,16.68506805,-0.029550358
304.25,4.8,16.81,16.57393393,1.404319274,16.62578878,1.09584307,16.80337309,-0.039422417
353.16,8.5,20.95,20.5180929,2.061609069,20.61344124,1.606485728,20.94975823,-0.001154022
348.15,13.9,31.12,30.70054835,1.347852346,29.80460753,4.226839557,31.12251262,0.008073972
220.01,5,253.2,248.251308,1.954459716,307.7791375,21.55574151,253.1968122,-0.001258994
300.01,14.3,83.3,83.13622343,0.196610528,79.82658637,4.169764262,83.30255442,0.003066535
330,1.6,16.7,16.64737854,0.315098563,16.64931352,0.303511856,16.70070885,0.004244596
260.04,19.8,155.4,156.8022221,0.902330824,182.8749747,17.6801639,155.4040467,0.002604052
313.15,1.1,15.79,15.75869857,0.198235782,15.75955249,0.192827802,15.7873276,-0.016924648
220.01,9.7,263.5,257.6117425,2.234632827,324.1226048,23.00668114,263.4966169,-0.0012839
230.01,17.8,228.7,234.9339009,2.725798382,296.045513,29.44709794,228.7041307,0.00180615
330,1.3,16.69,16.59554373,0.565945297,16.59673738,0.558793409,16.69003422,0.000205015
293.15,9.8,81.85,81.98996936,0.171007159,76.40885035,6.647708797,82.10727329,0.314322894
310,1.3,15.72,15.63827774,0.519861705,15.63954831,0.511779198,15.72047787,0.003039908
300.01,17.8,90.7,90.13820019,0.619404421,89.79060876,1.002636428,90.69695697,-0.003355045
332.46,11,28.41,27.13085755,4.502437346,26.78285818,5.727355931,28.41156711,0.005516047
411.78,3,20.76,20.64190248,0.56887052,20.64543972,0.551831792,20.7593439,-0.003160428
270,1.6,13.73,13.71457824,0.112321631,13.71615404,0.100844574,13.73052861,0.003850002
313.15,9.2,39.39,38.0392125,3.429265042,33.67578586,14.50676349,39.4037695,0.034956844
348.15,19.2,46.67,46.90192296,0.496942276,43.54438455,6.697269016,46.66234205,-0.016408716
260,18.6,154.8,154.9446191,0.093423191,179.6461403,16.05047823,154.790508,-0.006131793
307.75,8,42.3,32.69312599,22.71128608,30.0508862,28.95771584,42.04166542,-0.610720047
373.07,13,25.01,24.77597695,0.935717913,24.77088429,0.956080408,25.01162263,0.006487907
303.05,7.5,51.2,51.45610206,0.500199336,41.92353711,18.11809158,51.25742219,0.112152707
304.13,7.4,47.5,41.15738333,13.3528772,33.17876449,30.14996949,44.24277743,-6.857310667
350,2.8,17.85,17.83114529,0.105628627,17.83741358,0.070512157,17.85027222,0.001525026
307.17,7.9,33.81,32.68955543,3.313944306,29.9989374,11.27199823,33.80632424,-0.010871816
432.89,11,23.74,23.8578203,0.49629444,23.87940931,0.587233825,23.74047948,0.002019694
304.77,2.6,15.64,15.65480793,0.094679859,15.66248485,0.143765026,15.64197321,0.012616434
305.35,7.8,47.2,45.71677816,3.142419153,37.44972384,20.65736475,46.99139689,-0.441955741
307.75,8.2,46.7,41.45139673,11.23897916,34.96185155,25.13522152,46.67473761,-0.054095043
300,11.6,79.1,76.6065303,3.152300506,70.92420794,10.3360203,79.07398639,-0.032886994
298.15,2.9,15.51,15.42356202,0.557304836,15.43441888,0.487305738,15.50770003,-0.014828925
392.34,15,26.34,26.1540466,0.705973424,26.07931276,0.989700987,26.33886313,-0.004316116
305.35,6.5,19.23,18.57876474,3.386558814,18.74513668,2.52139012,19.22565855,-0.022576425
313.15,7.3,20.42,19.671167,3.66715475,19.87968904,2.64598903,20.41814576,-0.009080499
323.15,1.1,16.26,16.23761533,0.137667097,16.23845202,0.132521402,16.25419327,-0.03571173
313.15,14,64.99,65.68624323,1.071308247,59.8429904,7.919694722,64.98569392,-0.006625754
300,2.6,15.4,15.42537003,0.164740455,15.43321867,0.215705649,15.40010248,0.000665447
305.15,7.4,25.75,23.13703208,10.14744823,23.31220566,9.467162485,25.97520505,0.874582711
270,1.1,13.72,13.64077209,0.577462901,13.64135556,0.573210204,13.72232228,0.016926217
313.15,19.6,76.07,78.62260868,3.355604943,76.32792932,0.339068384,76.07493814,0.006491578
426.53,2.9,21.47,21.26167667,0.970299627,21.26439797,0.957624732,21.4691122,-0.004135071
432.99,13,24.73,24.76383438,0.136815123,24.77557984,0.184309907,24.72953765,-0.001869599
304.15,7.4,38.67,40.73771134,5.347068373,32.87719542,14.98009977,38.91237314,0.626773054
230.01,7.5,210.9,215.8248561,2.335161735,262.5783069,24.50370171,210.9090788,0.004304804
296.77,4.7,15.83,16.26540821,2.750525648,16.31785751,3.081854138,15.85150437,0.135845647
280.02,5.8,93.5,93.46214021,0.040491754,88.42726343,5.425386706,93.50776302,0.008302693
370,2,18.68,18.58322078,0.518090043,18.58555709,0.50558303,18.68031317,0.001676521
260,17.4,151.8,152.9781031,0.776088999,176.2542064,16.10949038,151.8034904,0.002299325
376.93,3.5,19.41,19.21456564,1.006874601,19.22232083,0.96691999,19.40967981,-0.001649588
270,2.3,13.94,13.87290034,0.481346198,13.876984,0.45205165,13.94034353,0.002464356
373.23,7.4,20.52,20.38319183,0.666706481,20.42979187,0.43961077,20.51842495,-0.007675673
376.41,4.7,19.5,19.50710996,0.036461333,19.52267399,0.116276872,19.50111738,0.005730132
323.15,6.6,18.81,18.4827404,1.739817119,18.5884104,1.178041467,18.81159808,0.008495899
305.35,1.1,15.42,15.38217869,0.245274384,15.38303216,0.239739559,15.41408715,-0.038345334
300,2,15.3,15.28174139,0.11933732,15.28555204,0.094431111,15.29895515,-0.006829103
313.15,6.2,18.32,17.97854219,1.863852675,18.08940809,1.258689465,18.31965301,-0.001894045
348.15,13.1,28.92,28.34193071,1.998856466,27.86732603,3.639951487,28.92178304,0.006165422
304.95,5,17.02,16.73799557,1.656900294,16.7973631,1.308089894,17.01621319,-0.022249164
270,2.1,13.85,13.81944425,0.220619134,13.82269218,0.197168375,13.85074578,0.005384719
250,1,12.69,12.61726,0.57320725,12.61737284,0.572318046,12.71650424,0.208859257
273.15,2.5,14.21,14.08926358,0.849658128,14.09497138,0.80949064,14.20992845,-0.000503513
323.15,18.4,65.27,65.98173449,1.090446591,61.70334605,5.464461391,65.26795635,-0.003131064
350,2.2,17.77,17.70147361,0.385629657,17.7049937,0.365820484,17.76947629,-0.002947172
332.63,8.5,21.05,20.61945624,2.045338527,20.78311172,1.267877815,21.05805448,0.038263551
280.02,5,91.4,91.24697793,0.167420208,85.12307531,6.867532484,91.39320623,-0.007433012
475,6.2,24.28,23.94045666,1.398448682,23.9459584,1.375789127,24.27846252,-0.00633229
304.77,1.9,15.52,15.49326464,0.172263918,15.49656368,0.151007216,15.5206582,0.004241011
321.23,10.3,34.22,32.75863723,4.270493191,30.78352637,10.04229582,34.22347217,0.010146615
305.35,4.8,16.86,16.6111882,1.475752076,16.6621879,1.173262752,16.8542899,-0.033867712
280.02,11.1,105.1,105.4929105,0.373844434,106.8798203,1.693454139,105.0966216,-0.003214506
260,14.8,148.1,148.6212482,0.351956921,168.7496297,13.94303153,148.0972695,-0.001843715
295.13,3.8,15.52,15.63818293,0.761487951,15.66374248,0.926175773,15.55080202,0.198466626
323.14,9.8,32.1,26.48857084,17.48108773,26.23439267,18.27292003,31.53603294,-1.756906739
296.89,2.8,15.19,15.33285853,0.940477485,15.34269581,1.005239039,15.18683667,-0.02082509
285,1.5,14.49,14.44800666,0.28980911,14.44970278,0.278103658,14.49081684,0.00563724
308.15,18.1,81.5,81.15619297,0.421849117,78.85242786,3.248554773,81.49386364,-0.007529276
524.75,3.9,25.99,25.47703609,1.97369723,25.47801499,1.969930781,25.99004073,0.000156696
280.02,13.8,112.4,110.6424512,1.563655516,115.0047695,2.317410587,112.3913687,-0.007679079
296.75,1.2,14.92,14.97873137,0.39364189,14.97976222,0.400551072,14.91150168,-0.056959271
300.01,7,56.5,56.72787601,0.403320372,46.46860309,17.7546848,56.48323365,-0.029674959
473.33,13,25.58,25.80453619,0.877780258,25.80551996,0.881626114,25.57981673,-0.000716461
280.02,14.4,112,111.7309846,0.240192321,116.7379272,4.230292143,112.0094624,0.008448606
373.07,9.8,22.3,21.77377129,2.35977,21.84743658,2.029432377,22.14871975,-0.678386787
304.18,7.4,37.11,39.99151921,7.764805201,32.35567283,12.81144481,37.1873401,0.208407718
285,1.9,14.54,14.52315296,0.11586685,14.52635964,0.093812655,14.54068866,0.004736338
280.02,18.3,118.6,118.430874,0.142602024,127.5170279,7.518573272,118.6011313,0.000953841
309.54,8.3,33.76,32.37317205,4.107902695,30.01017776,11.10729336,33.77706294,0.050541872
323.15,9.9,27.99,27.11483077,3.126721079,26.73656283,4.478160665,28.17131297,0.647777659
313.15,8.4,26.54,24.54455228,7.518642502,24.64137621,7.153819857,26.5369149,-0.011624343
392.29,8.5,21.47,21.5240416,0.251707499,21.56562745,0.445400326,21.47094839,0.004417261
303.05,9.7,65.12,65.71008275,0.906146729,57.80423977,11.23427554,65.36178398,0.371289902
313.15,5.1,17.24,17.07225045,0.973025232,17.1272913,0.653762761,17.24604754,0.035078537
332.73,5,18.03,17.76528172,1.468210094,17.80163751,1.266569551,18.03085918,0.004765298
392.09,5,20.38,20.26049316,0.586392738,20.27467129,0.516823896,20.38013926,0.000683337
427.28,5.5,21.98,21.85833837,0.553510601,21.86838564,0.507799636,21.98019772,0.000899541
304.43,7.4,35.19,25.60850686,27.22788616,25.43227429,27.72868914,35.10221832,-0.249450635
313.15,9,36.6,34.17754088,6.618740765,31.29831536,14.48547716,36.58776263,-0.033435444
313.15,8.8,33.42,30.08605027,9.975911819,28.79199382,13.8480137,33.38349501,-0.109230956
474.15,7.4,23.88,24.18090739,1.260081198,24.18806334,1.290047487,23.88176261,0.007381131
313.15,9.8,45.69,45.84052754,0.329454016,39.38214744,13.80576179,45.69298048,0.006523274
323.15,10.1,29.47,28.50847237,3.262733729,27.81095159,5.62961795,29.47681794,0.023135201
377.45,1.8,19.08,18.88567824,1.018457862,18.88739648,1.009452411,19.07852357,-0.007738121
308.15,9.7,55.9,56.32526297,0.760756655,48.29973589,13.59617909,55.89836956,-0.00291671
240,2.5,174.6,174.9241759,0.185667755,199.8621479,14.46858414,174.8477508,0.141896203
304.13,7.4,44.29,41.15738333,7.072966065,33.17876449,25.08745882,44.24277743,-0.106621285
313.15,7,19.59,19.07608331,2.623362379,19.25355304,1.717442369,19.59209946,0.010717022
305.35,7.5,27.5,24.78917863,9.857532255,24.83556814,9.688843127,30.62028255,11.34648201
373.04,11,22.86,22.71972054,0.613645932,22.7907869,0.302769466,22.86209047,0.009144681
313.11,5,17.31,17.00880433,1.740009648,17.06031074,1.44245673,17.30311472,-0.03977634
240,5,179.9,179.8123474,0.048722957,208.5934946,15.94969127,179.8896461,-0.005755372
323.15,10.5,32.41,31.72617624,2.109915952,30.13088873,7.032123635,32.66554668,0.788480948
348.15,5,18.5,18.40215275,0.528904054,18.43024082,0.377076649,18.50105357,0.005694982
305.35,7.5,29.5,24.78917863,15.968886,24.83556814,15.81163342,30.62028255,3.797567973
310,2.7,15.95,15.93144872,0.116308966,15.93970632,0.064537179,15.94937384,-0.003925744
303.05,7.6,53.7,52.74149226,1.784930615,43.23074147,19.49582594,53.6263646,-0.137123641
300,8,65.8,63.68640073,3.212156945,54.56729761,17.07097628,65.48676472,-0.476041463
304.25,1.1,15.36,15.32886671,0.20269069,15.32971891,0.197142513,15.36192015,0.01250096
348.15,7.7,20.18,19.82570311,1.7556833,19.91261158,1.325016947,20.18099606,0.004935856
220.01,13.9,272.9,265.7849991,2.607182448,338.1997393,23.92808329,272.890844,-0.003355071
220.01,1,243.5,240.0771018,1.40570768,293.3083698,20.45518267,243.4974092,-0.001063982
310,2.4,15.86,15.85599522,0.02525082,15.86198439,0.012511917,15.86006079,0.000383286
300.01,9,69,68.2046694,1.152653043,60.09466686,12.90627991,69.00033067,0.00047923
303.05,1.1,15.32,15.27064741,0.322144843,15.27149786,0.316593603,15.31413832,-0.038261643
240,11.1,188.3,191.2071209,1.54387727,228.8197305,21.51870977,188.2963064,-0.00196157
524.65,2.7,25.71,25.28736749,1.643844846,25.28788596,1.641828238,25.71004189,0.000162931
370,1.2,18.58,18.44299284,0.737390527,18.4437539,0.733294403,18.58089468,0.004815264
310,3.1,16.08,16.04540571,0.215138619,16.0575954,0.13933209,16.07977968,-0.001370164
473.33,11,24.76,25.13739456,1.524210662,25.144904,1.55453958,24.76072418,0.002924801
474.25,8.5,24.27,24.45835103,0.776065225,24.46652687,0.809752246,24.26975757,-0.000998902
280.02,4.2,89,88.8379416,0.18208809,81.57090947,8.34729273,88.8758911,-0.139448199
296.72,2.5,15.07,15.24017969,1.12926138,15.24726978,1.176309091,15.07002282,0.000151401
323.15,9.2,24.45,23.50369773,3.870356933,23.64496158,3.292590675,24.45025031,0.001023766
350,1.6,17.66,17.58744927,0.410819536,17.58913612,0.401267724,17.66061201,0.003465494
452.58,11,24.28,24.46224553,0.750599382,24.47576805,0.806293451,24.28060185,0.002478775
304.25,7.3,28.7,23.12468813,19.42617376,23.25010936,18.98916599,28.88749381,0.653288522
313.46,1,15.75,15.75862246,0.054745778,15.75930742,0.05909473,15.7464369,-0.022622873
280.02,6.3,96.1,94.76998673,1.383988835,90.39329973,5.938293725,96.03991745,-0.062520866
304.14,7.4,39.52,40.9536965,3.627774545,33.03170277,16.41775615,40.3057509,1.988236093
313.75,9,33.88,32.1014885,5.249443625,30.06670787,11.25528964,33.89785294,0.052694628
280.02,6.3,96,94.76998673,1.281263823,90.39329973,5.840312781,96.03991745,0.041580674
304.22,7.4,36.4,38.5644442,5.946275275,31.42252731,13.67437552,36.30055667,-0.273195948
304.58,3,16.07,15.75945604,1.932445302,15.7710177,1.860499689,16.06335612,-0.041343383
304.25,3.1,15.86,15.77526565,0.534264502,15.78802322,0.453825851,15.86101307,0.006387576
298.15,1.1,15.07,15.03225446,0.250468082,15.03309334,0.244901526,15.06700262,-0.01988971
392.43,11,22.92,22.87653935,0.189618892,22.92653797,0.028525175,22.92100376,0.004379399
313.15,9.4,43,41.19259961,4.203256721,35.80160535,16.74045267,42.94667949,-0.124001176
332.21,7.4,19.8,19.33280548,2.359568283,19.45051364,1.765082626,19.8018785,0.009487354
300,3.1,15.69,15.57544343,0.730124729,15.58856261,0.646509815,15.71031824,0.129498012
313.49,3,16.49,16.1798276,1.880972711,16.19060534,1.815613463,16.48849842,-0.00910598
392.39,13,24.54,24.32150796,0.890350611,24.34219543,0.806049593,24.54035039,0.001427839
305.35,7.5,32.3,24.78917863,23.25331693,24.83556814,23.10969616,30.62028255,-5.200363616
432.83,7.4,22.4,22.59358461,0.864217009,22.60925594,0.934178304,22.40117562,0.005248314
304.13,7.4,45.33,41.15738333,9.204978315,33.17876449,26.80616702,44.24277743,-2.398461432
298.45,3,15.78,15.46950184,1.967668948,15.48149327,1.89167763,15.77884049,-0.007347963
298.15,7.6,64.8,65.53359373,1.13208909,56.26792261,13.1667861,64.80166584,0.002570741
303.05,7.9,55.6,55.7280967,0.230389748,46.3688106,16.60285863,55.70345853,0.186076486
285,2.8,14.82,14.76268345,0.38675135,14.77245125,0.320841768,14.81945916,-0.003649363
280.02,7.5,97.9,97.72057317,0.183275618,94.86691328,3.098147824,97.89372552,-0.006409075
240,13.8,193,196.0546495,1.582719948,237.3689213,22.98907839,192.9946888,-0.002751894
312.2,8.5,28.06,27.15124297,3.238620919,26.77885718,4.565726372,28.07884081,0.067144716
370.63,4.7,19.39,19.2586949,0.677179474,19.27565503,0.589711037,19.39037708,0.001944731
330,2.4,16.85,16.80796988,0.249436914,16.81315741,0.218650386,16.84945344,-0.003243664
423.11,9.8,23,23.06965761,0.302859174,23.09624422,0.41845313,22.9003586,-0.43322346
297.01,4.8,15.87,16.35412837,3.050588343,16.41061893,3.406546503,15.88362017,0.085823369
,,,,2.414422422,,6.547652467,,11.34648201
,,,,,,,,-9.002925888
